id,name,industry,source,lead_status,notes,ma_status,international,locations,company_type,description,product_line,state,city,revenue,website,employees,franchise,top_franchise,demography,ticket,activities,membership,geo_focus,indoor_outdoor,col_25
1,Luv 2 Play Az LLC,1. Indoor Kid/Toddler Play Zone,TV,Contact - No Response,Toddler 6 and under,Contacted - No Response,,14,Private Company,Luv 2 Play Az LLC is a private company headquartered in the United States that provides amusement and recreation services.,Provides amusement and recreation services,Arizona,-,-,https://luv2play.com/phoenix/,-,Yes,No,Kids,Ultimate Membership: $38 - $98. Parties: $69 - $495. Field Trip: $6 - $12,"Indoor Play, Parties, Field Trips and Gift cards",,,,
2,Catch Air,1. Indoor Kid/Toddler Play Zone,TV - 12/03/2024,Contact - No Response,,Contacted - No Response,,14,Private Company,"CatchAir is an underwater-themed indoor playground designed for children 12 and under. The facility features a soft play area for toddlers, a Tiny Town for kids under 4 feet, a three-story play structure, a ball cannon, and an interactive dance floor. It provides a safe and fun environment for children to play and explore.","Tiny Town, three-story play structure, ball cannon",New Jersey,Paramus,-,https://catchair.com/,-,,-,All age group,Price ranges from $7 to $16,"Tiny Town, three-story play structure, ball cannon",,New Jersey,-,
3,Cloud House,1. Indoor Kid/Toddler Play Zone,TV - 12/03/2024,Contact - No Response,CLOUD PARK LEARNINGS,Interest - Contacted,,1,Private Company,"Facility is equipped with a range of Montessori inspired toys, a jungle gym, a hinoki cypress sensory area, and theme based learning stations",,Arizona,Phoenix,-,https://cloudhouseaz.com/,-,1,-,Upto 7 years,"Membership - $125 / month
1 Child admission - $30 / 2 hrs","Jungle Gym, Hinoki Cypress Sensory Area, Theme base Learning Stations",Yes,Arizona,Indoor,
4,Kids Empire USA LLC,1. Indoor Kid/Toddler Play Zone,TV - 11/20/2024,Contact - Ongoing,Toddler 6 and under,Interest - Contacted -,,68,Holding Company,"Kids Empire USA LLC operates as children's recreation center. The company was founded by Haim Elbaz in 2017 and is headquartered in La Crescenta, CA.",Operates as children's recreation center,California,La Crescenta,1.281913,https://www.kidsempire.com/,93,No,NA,Kids,Required Deposit (Non refundable): $150.                    Kids Snack: $29.90 - $39.90. Kids Meal: $39.90 - $49.90,"Birthday Parties, Playground and Empire snack.",No,"Arizona, California, Florida, Georgia, Iowa, Illinois, Missouri, Michigan and more",Indoor,
5,Kidstopia,1. Indoor Kid/Toddler Play Zone,TV - 12/03/2024,Contact - Ongoing,"Great indoor playground for 12 and under, expanding further in Utah",Interest - Discussions w/ Owner Ongoing,,2,Private Company,"Kidstopia is an indoor playground designed to stimulate children's creativity and imagination. The facility features a mix of slides, climbing structures, imaginative play areas, and sensory-rich activities. Kidstopia provides a vibrant and secure environment for children of all ages, making it a perfect place for family outings and birthday parties","Slides, climbing structures, imaginative play areas",Utah,Roy,-,https://kidstopia-us.com/,-,1,-,-,$125 per month for membership,"Slides, climbing structures, imaginative play areas",Yes,Nevada,Indoor,
6,We Play Loud,1. Indoor Kid/Toddler Play Zone,Caitlin 11/3/24,Sale Discussions - Dead,2x 12k SF parks in California,Put in touch with Roger Duncan,,2,,,,,,,,,,,,,,,,,
7,"My Gym Enterprises, Inc.",1. Indoor Kid/Toddler Play Zone,TV,Contact - Preliminary,,Strategic Partnership?,,75,Private Company,"My Gym Enterprises, Inc. owns and operates fitness centers. It develops a program and facility devised to help children 6 weeks thru 10 years of age develop physically, cognitively and emotionally. The company was founded by Monique Vranesh and Jamie Bertisch in 1995 and is headquartered in Sherman Oaks, CA.",My Gym Enterprises is a leading fitness center recreation company located in Sherman Oaks.,California,Sherman Oaks,<5.0,http://www.mygym.com,25,Yes,Top Franchise (4/10) 2023,Upto 14 years,$29 for 1 week,"Gymnastics, martial arts, Jr. Ninja among others",,,,
8,Complete Playground,1. Indoor Kid/Toddler Play Zone,Caitlin - 1/1/25,No Contact - Interest,40k SF,interest,,1,,,,,,,,,,,,,,,,,
9,Cheeky Monkeys,1. Indoor Kid/Toddler Play Zone,TV,No Contact - Interest,Toddler 6 and under,Interest,,8,,,,,,,https://www.cheekymonkeys.us/,,,,Kids,,,,,,
10,Go Playland,1. Indoor Kid/Toddler Play Zone,TV - 11/20/2024,No Contact - Interest,,Interest,,7,Private Company,"Go Playland is an indoor playground designed to provide a fun and safe environment for children to explore, play, and create lasting memories. They offer a variety of engaging activities, including climbing walls, interactive play structures, and a drop-in ball pit",,New Jersey,Freehold,-,https://goplayland.com/,-,-,-,Kids and Children,$20.0 - $99.0,-,-,-,-,
11,Gymboree,1. Indoor Kid/Toddler Play Zone,TV,No Contact - Interest,,Interest,,700,Private Company,"Gymboree Play & Music classes incorporate age-appropriate activities that help children develop physical, cognitive, and social skills as they play.","Play & Music , Activities",District of Columbia,Dupont circle,$2.8 billion,https://www.gymboreeclasses.com/,10129,,0,0-5 years,$25 - $450,"Play & Music , Activities",,District of Columbia,Indoor,
12,Hyper Kidz,1. Indoor Kid/Toddler Play Zone,TV - 11/20/2024,No Contact - Interest,"doing well; SZ franchisee in Decatur, GA said his friend owns one (discussed with Kevin Murray)",interest,,6,Private Company,"Hyper Kidz is a private indoor playground designed to provide a fun, safe, and engaging environment for children. The facility features multiple play zones catering to different age groups, including soft foam play equipment, interactive LED dance floors, giant pin screens, and multi-level play structures. They offer open play sessions, birthday parties, and special events",,Maryland,Rockville,<5.0,https://www.hyperkidzplay.com/,51-200,Yes,-,Upto 13 years,$7.99 - $16.99,"Open Play, Birthday Parties, special Events",,Rockville,Indoor,
13,KidZania,1. Indoor Kid/Toddler Play Zone,TV - 12/03/2024,No Contact - Interest,discussed with JRA,interest,,1,Private Company,"A city made by kids , run by kids","Plane avaiation , dance , games , rock climbing , café",Texas,Dallas,$28 million,https://dallas.kidzaniausa.com/,0,1,0,1> years,$14.95 - $47.95,"Plane avaiation , dance , games , rock climbing , café",,Texas,Indoor/ outdoor,
14,State of Play,1. Indoor Kid/Toddler Play Zone,TV - 12/03/2024,No Contact - Interest,,interest,,1,Private Company,"State of Play is an indoor playground in Bozeman designed specifically for young children. The facility offers various play areas, a reading nook, an art room, play forts, and a glow cave. It also includes a co-working space for parents, allowing them to work while their children play under supervision. The curated play zones provide a stimulating and engaging environment for children up to age six.","Play areas, reading nook, art room, play forts, glow cave.",Montana,Bozeman,-,https://www.onlyinyourstate.com/experiences/montana/massive-indoor-playground-mt,-,1,-,-,$29.99 per month,"Play areas, reading nook, art room, play forts, glow cave.",,Montana,Indoor,
15,"The Little Gym International, Inc.",1. Indoor Kid/Toddler Play Zone,TV,No Contact - Interest,Programmatic,Interest,,103,Private Company,"The Little Gym of Katy is an activity center for children that specializes in building motor skills through activities like tumbling, gymnastics and dance. Other programs include Birthday Parties, Parents' Night, Camps and Parent/Child Classes.",The Little Gym of Katy provides a fun space for kids of all ages to play and do activities.,Texas,Bedford,102.4,http://www.thelittlegym.com,-,Yes,Top Franchise 6/10 (2023),Upto 12 years,NA,Gymnastics & Dance,,,,
16,We Rock The Spectrum,1. Indoor Kid/Toddler Play Zone,TV - 12/03/2024,No Contact - Interest,,interest,,174,Private Company,"We Rock the Spectrum Kids Gym is committed to providing a safe, nurturing, and fun environment for ALL KIDS, to foster learning, exploration and safe sensory experiences","Open Play, Birthday Parties, Classes, Special events etc.",California,Tarzana,49,https://www.wrtsfranchise.com/,-,Yes,-,-,$12.0 - $15.0 per hour,"Open Play, Birthday Parties, Classes, Special events etc.",,International,Indoor,
17,Wondergarden Indoor playground,1. Indoor Kid/Toddler Play Zone,TV - 12/03/2024,No Contact - Interest,,interest,,1,Private Company,"Wondergarden is  a unique indoor play and party space for children 0-6 years! Come in for Open Play, baby classes and toddler classes, special events, and more! Single-day tickets, monthly memberships, and play packs are available. No charge for adults!","events , games , birthday , food",Florida,Royal Palm Beach,0,https://wondergardenfl.com/,0,1,0,0-6 years,$20 - $35,"events , games , birthday , food",Yes,Florida,Indoor,
18,Wonderland Playground,1. Indoor Kid/Toddler Play Zone,TV - 12/03/2024,No Contact - Interest,,interest,,1,Private Company,"Wonderland is a modern brand that provides an indoor play space for families to visit and celebrate birthdays. We’ve carefully developed an opportunity that is easy to operate, technology driven and provides multiple revenue streams!","soft play area , café",Ohio,Cinncinati,<$5 million,https://wonderlandplayground.com/,2 to 10,1,0,1-8 years,<$16,"Kid's club house, playground",,Ohio,Indoor / Outdoor,
19,Funzy,1. Indoor Kid/Toddler Play Zone,Caitlin 11/26/24,No Contact - Interest,"2 locations currently; opening 2 more in NYC and LA
CLOUD PARK LEARNINGS",Interest - too small,,2,Private Company,,,,,,,,,,,,,,,,
20,Flying Apple,1. Indoor Kid/Toddler Play Zone,TV,No Contact - Interest,Toddler 6 and under,Interest - one off,,1,Private Company,"Flying Apple is an interactive soft play facility that was designed for ages 1-10 years. The activities included are Soft Play, Ball Blaster, Climbing Wall, Obstacle Course, Ball Pit, Slides, and private rooms for arranging birthday party","The activities included are Soft Play, Ball Blaster, Climbing Wall, Obstacle Course, Ball Pit, Slides, and private rooms for arranging birthday party",New York,NYC,5.2,https://www.flyingappleny.com/,-,No,NA,Kids,"$22-$30; 
3 and under $15.
1 Adult Free per Child
Additional Adult $7.99 
Additional Adult free with two children","Soft Play, Ball Blaster, Climbing Wall, Obstacle Course, Ball Pit, Slides, and private rooms for arranging birthday party",No,New York,Indoor,
21,Kanga Indoor Play center,1. Indoor Kid/Toddler Play Zone,Caitlin 6/12/24,No/Passed,pass,No/Passed,,6,Private Company,,,,,,,,,,,,,,,,
22,KidsU,1. Indoor Kid/Toddler Play Zone,Caitlin 11/26/24,No/Passed,Sent to Justin; 1 park in Port Chester NY,No/Passed,,1,,,,,,,https://kidsu.com/,,,,,,,,,,
23,"Children's Discovery Center, Inc. (South California)",1. Indoor Kid/Toddler Play Zone,TV,No/Passed,pass,No/Passed,,2,Subsidiary,"Children's Discovery Center, Inc. engages in the provision of child care services. It offers program for infant, toddler, pre-school and pre-k, school age, and enrichment. The company was founded by Lois Rosenberry in 1982 and is headquartered in Mount Pleasant, SC.",Provides child care services,South Carolina,Mount Pleasant,-,http://www.childrensdiscoverycentersc.com,-,No,NA,Kids,NA,Infant and Toddler Program (Outdoor Play),,,,
24,"Discovery Isle Child Development Center, Inc.",1. Indoor Kid/Toddler Play Zone,TV,No/Passed,childcare,No/Passed,,230,Subsidiary,"Discovery Isle Child Development Center, Inc. offers child care and educational programs for infants and children in preschool, kindergarten and the first grade. The center offers both part-time and full-time programs. It opertes in Carlsbad, La Costa, Poway, San Marcos, Temecula and Murrieta. The company was founded in 1991 and is headquartered in San Marcos, CA.",Provides child care and educational services,California,San Marcos,11.541182,http://www.discoveryisle.com,175,No,NA,Kids,NA,"Preschool, Kindergarten, Summer Camp & After School",,,,
25,Dupage children Museum,1. Indoor Kid/Toddler Play Zone,TV - 12/03/2024,No/Passed,nonprofit,No/Passed,,1,Private Company,"DuPage Children's Museum is located in Naperville, Illinois. It's a nonprofit organization that has been inspiring children and their families through hands-on exhibits and programs for over 30 years","Café , game zone , indoor playground",Illinois,Naperville,$10 million,https://dupagechildrens.org/,103,1,0,Kids,0,"Café , game zone , indoor playground",,Illinois,Indoor,
26,Early Steps Learning Center LLC,1. Indoor Kid/Toddler Play Zone,TV,No/Passed,pass,No/Passed,,2,Private Company,"Early Steps Learning Center is an organization that focuses on providing childcare and early education. The center offers a variety of programs for different age groups, including infants, toddlers, preschoolers, pre-kindergarteners, and school-age children. The center's curriculum is designed to promote learning through direct, hands-on experiences with people, objects, events, and ideas. In addition to regular programs, Early Steps Learning Center also offers special summer camps. The center is committed to ensuring the privacy of its visitors and has a dedicated team of childhood education professionals.",Early Steps Learning Center is a childcare facility that offers developmental educational programmes to children aged 6 weeks to 12 years.,Ohio,Richmond,1.261817,https://www.earlystepslearningcenter.com/,15,No,NA,Kids,NA,"Infants Program, Preschool, Summer camps, and special programs, etc.",,,,
27,"Kid Time, Inc.",1. Indoor Kid/Toddler Play Zone,TV,No/Passed,pass,No/Passed,,4,Private Company,"Kid Time, Inc. owns preschools. It provides child care services. The firm offers play-based environment, child-centered philosophy, community-focuses program and kindergarten readiness classes. The company was founded by Stephen Mark Wilson in 1984 and is headquartered in Walnut Creek, CA.",Operates preschool,California,Walnut Creek,-,http://www.kidtime.co,-,No,NA,Kids,NA,"KT Preschool, KT Junior, KTS Preschool, KT Aftercare.",,,,
28,Kids Play Zone LLC,1. Indoor Kid/Toddler Play Zone,TV,No/Passed,pass,No/Passed,,1,Private Company,"Kids Play Zone is a small, family-owned and operated indoor playground and party venue.","Kids Play Zone is a small, family-owned and operated indoor playground and party venue.",California,Oakland,-,https://kidsplayzoneoakland.com,-,No,NA,Kids,Play: $15; Party plus Play package: $595,"Playing Zone, Field Trips, Parties, and special events",,,,
29,Lets Play Party,1. Indoor Kid/Toddler Play Zone,TV,No/Passed,Toddler 6 and under,No/Passed,,3,Private Company,Let’s Play Party is an indoor soft play center that caters to children aged 0-12 years. The facility is designed to provide a stimulating and enjoyable environment for children,"It features themed soft play structures, a cannon area, a spider tower, and unique net obstacle courses that exercise different muscles of the body, helping maintain orientation, flexibility, and agility",Alabama,"Birmingham, Huntsville, Hoover",,https://letsplayparty.com/,-,No,NA,Kids,"Ages 3 & Older: $16.99, Ages 1 & 2:  $13.99, Under 12 months: $7.99","A cannon area, a spider tower, and unique net obstacle courses",No,"Alabama in the cities of Hoover, Huntsville and Birmingham",Indoor,
30,Lola & Tots,1. Indoor Kid/Toddler Play Zone,Caitlin 6/7/24,No/Passed,Child care + co working to empower parents,No/Passed,,1,Private Company,,,,,,,,,,,,,,,,
31,Monkey Joe's Franchising LLC,1. Indoor Kid/Toddler Play Zone,TV,No/Passed,,No/Passed,,13,Private Company,"Monkey Joe's Franchising LLC provides children's party programs. The firm offers party packages for kids including set-up, clean-up, invitations, goodie bags, and ice cream. The company was founded in 2004 and is headquartered in Atlanta, GA.","Monkey Joe's is a kid's party and play center that offers inflatable slides, jumps, obstacle courses, and other fun activities.",Georgia,Atlanta,10.2,http://www.monkeyjoes.com,60,Yes,Profitable Venture 14/40 (2024),Kids,$5 - $65,"Birthday Parties, Kids play areas, snack shack",,,,
32,"New Horizon Enterprises, Inc.",1. Indoor Kid/Toddler Play Zone,TV,No/Passed,pass,No/Passed,,16,Private Company,"New Horizon Enterprises, Inc. provides child care services for infants and children. The firm offers garts and crafts, video games, a karaoke stage, dramatic play environments, a challenging play piece, a gym, and multi-station i-Pad tables loaded with thousands of games. The company is headquartered in Plymouth, MN.",Kids Quest is a childcare entertainment company that offers games and birthday parties.,Minnesota,Plymouth,99.446436,http://www.kidsquest.com,2300,No,NA,Mixed,Play events: $11 - $18. Birthday Parties: $150 - $210,"Video Games, Arcade Games, Tiny Tots, Kids Craft, Golf, Pool, and Boating etc.",,,,
33,"New Horizon Kids Quest, Inc.",1. Indoor Kid/Toddler Play Zone,TV,No/Passed,"No, too close to child care",No/Passed,,31,Private Company,"New Horizon Kids Quest, Inc. family of companies offer a diverse range of services in a variety of environments, include Kids Quest Hourly Child Care and Entertainment, Supervised, Cyber Quest Non-Violent Arcades for Family Entertainment, New Horizon Traditional and Employee Sponsored Care and Kinderberry Hill Child Development. New Horizon Kids Quest, Inc. develops, owns and operates supervised children's entertainment and recreational facilities under the name Kids Quest and premium traditional child care centers under the name New Horizon Child Care. The Company currently provides hourly child care at twenty locations in ten states, including three with supervised non-violent video entertainment centers.","Develops, owns and operates supervised children's entertainment & recreational facilities",Minnesota,Plymouth,46.692288,http://www.kidsquest.com,600,No,NA,Kids,Play events: $11 - $18. Birthday Parties: $150 - $210,"Video Games, Arcade Games, Tiny Tots, Kids Craft, Golf, Pool, and Boating etc.",No,Across United States,,
34,Peekaboo NYC,1. Indoor Kid/Toddler Play Zone,Caitlin 6/7/24,No/Passed,"too small, lots of ball pits",No/Passed,,1,Private Company,,,,,,,,,,,,,,,,
35,Playwell Brooklyn,1. Indoor Kid/Toddler Play Zone,Caitlin 6/7/24,No/Passed,Occupational therapists; offer programming,No/Passed,,1,Private Company,,,,,,,,,,,,,,,,
36,"The Complete Child, Inc.",1. Indoor Kid/Toddler Play Zone,TV,No/Passed,pass,No/Passed,,1,Private Company,"The Complete Child, Inc. engages in the provision of child care program services. It offers infant programs, toddler program, preschool, prekindergarten, and junior kindergarten. The company was founded by Jane Germano and Geoff Germano in 1993 and is headquartered in Springs, CO.",Provides child care program services,Colorado,Colorado Springs,2.766931,http://www.youngscholarsacademycolorado.com,23,No,NA,Kids,NA,"Infant Program, Toddler Program (Arts, Music, and more), Pre Kindergarten, and Summer Camps",,,,
37,The Play Lab NY,1. Indoor Kid/Toddler Play Zone,Caitlin 6/7/24,No/Passed,"eco friendly, offers parties",No/Passed,,1,Private Company,,,,,,,,,,,,,,,,
38,Union Square Play,1. Indoor Kid/Toddler Play Zone,Caitlin 6/7/24,No/Passed,"3 locations,mostly just classes for 5 and under",No/Passed,,1,Private Company,,,,,,,,,,,,,,,,
39,Smiley Indoor playland,1. Indoor Kid/Toddler Play Zone,TV - 12/03/2024,Sale Discussions - Dead,Indy based company - 1 park - 25k SF,Revak Contact,,2,Private Company,"Located in Indianapolis, Smiley features a giant ball pit, trampolines, slides, a climbing structure, a rock wall with a foam pit, virtual reality, a LEGO room, and interactive elements on the walls and floors.","Climbing structure , trampolines , slides , rock wall , foam pit",Indiana,Indianapolis,<$5 million,https://www.smileyindianapolis.com/,<25,2,0,0,0,"Climbing structure , trampolines , slides , rock wall , foam pit",yes,Indiana,Indoor,
40,Uptown Jungle,1. Indoor Kid/Toddler Play Zone,TV,Sale Discussions - Dead,Decent,Interest - Contacted - Inactive,,10,Private Company,"Offers Indoor trampoline park and toddler play areas  including giant slides, ball shooter arenas and climbing walls",Provides indoor trampoline activities,Arizona,Mesa,14.3,https://uptownjungle.com/,201 - 500,Yes,No,Mixed,Ranges from $15 - $23,"Spider Tower, Air Floor, Toddler Area, Super Slides, Ball Blaster, Ninja Course",,,,
41,Billy Beez USA LLC,1. Indoor Kid/Toddler Play Zone,TV,Sale Discussions - Dead,Toddler 6 and under,Interest - Contacted - Pass,,16,Subsidiary,"Billy Beez USA LLC, part of Fawaz Abdulaziz AlHokair Co., is an American company located in New York, NY. The firm operates an indoor children's entertainment center.",Operates an indoor children's entertainment center,"California, New York and Massachussetts",New York,42.7,http://billybeezus.com,332,No,NA,Kids,NA,Wild Slides and Ballistics Arena,,,,
42,Kidz Klub,1. Indoor Kid/Toddler Play Zone,TV - 12/03/2024,Sale Discussions - Dead,Looking at Jamaica Queens location,Interest - Discussion,,4,Private Company,Indoor playgrounds created to counter the obesity rate in America by getting children more active and fit,,Connecticut,Danbury,<$5,https://kidzklubus.com/,-,4,NA,-,$19.95 / child,"Slides, Ball Pits",,"Connecticut, New York",Indoor,
43,Kidtopia,1. Indoor Kid/Toddler Play Zone,TV - 12/03/2024,,,,,1,Private Company,"Indoor family playland, that provides creative learning, pizza party dinner, unlimited rock wall climbing, inflatable play, little city avenue pretend games, and more",,Alabama,Huntsville,-,https://kidtopiaplayland.com/,-,1,-,-,-,"Creative Learning, Rock Wall Climbing, Inflatable Play, Little City Avenue",,Alabama,Indoor,
44,Adventure Indoor Playground,1. Indoor Kid/Toddler Play Zone,TV - 12/03/2024,,,,,1,Private Company,"Adventure Indoor Playground offers a variety of play structures, slides, and climbing areas designed to keep kids active and entertained. The facility includes a dedicated toddler zone to ensure safe play for younger children. It is a popular destination for families looking for a fun and safe indoor play environment.","Play structures, slides, climbing areas, toddler zone",Nevada,Las Vegas,<$5,https://www.adventureindoorplayground.com/,<25,1,-,-,,"Play structures, slides, climbing areas, toddler zone",,Nevada,Indoor,
45,BB Kidz Club,1. Indoor Kid/Toddler Play Zone,TV - 12/03/2024,,,,,1,Private Company,"We are an indoor playground and party facility dedicated on keeping things fresh and new.  During the week we offer a great place for the stay at home moms and dads to get out with their little ones and enjoy their day.  Also during the week, we keep an open flexible schedule for after school kids to come out and exercise and for school/group field trips. Burn off that excess energy with a late afternoon play date!","Party, Play area",Massachusetts,Leominster,<$5,Home - Kidz Klub,<25,1,-,-,"10 Passes $99 , 25 Passes $225, $15 per child for 2 hours","Party, Play area",,Massachusetts,Indoor,
46,Bette's Family Fun center,1. Indoor Kid/Toddler Play Zone,TV - 12/03/2024,,,,,1,Private Company,Bette’s Family Fun Center is the best place for Family Fun and Entertainment.,"VIP room , Open play , Outdoor rentals",Pennsylvania,Aston,<$5 million,https://www.bettesfuncenter.com/,0,1,0,15 months - 10 years,$11-$12 PP,"VIP rooms , Open play , rentals , birthday parties",,Pennsylvania,Indoor,
47,Bobi's world,1. Indoor Kid/Toddler Play Zone,TV - 12/03/2024,,,,,1,Private Company,"Bobbi’s World: Party and Play Zone is Morgantown’s first-ever indoor playground located right across from University High School at 223 Everhart Drive! We offer open play sessions for 12 and under, exclusive play sessions for children 5 and under (during limited hours), and birthday parties! We also have a full snack bar and arcade.",,West Virginia,Morgantown,0,https://www.bobbisworldwv.com/,0,1,0,5 - 12 years,$14-$24 per hour,"Climb , crawl , slide",yes,West Virginia,Indoor,
48,Boston Playground,1. Indoor Kid/Toddler Play Zone,TV - 12/03/2024,,,,,1,Private Company,"We have party packages for groups of all sizes, and you only pay for the package you use on the day","Playgrounds, archery games, Gift card",Massachusetts,Chelsea,-,"Boston Playground | Boston's #1 Indoor Playground | Chelsea, MA",-,1,-,Kids above 1+,$5-$12,"Playgrounds, archery games, Gift card",,Massachusetts,-,
49,Bounce N Slide,1. Indoor Kid/Toddler Play Zone,TV - 12/03/2024,,,,,1,Private Company,Northern Utah's premier indoor inflatable playground,"Open Play , parents night out , birthday party , Gymnastics",Utah,Logan,<$5 Million,https://darkcyan-baboon-m5krgzxg6bfyxmkg.builder-preview.com/,0,1,0,1 year - 5 + years,$6-$9,"Open Play , parents night out , birthday party , Gymnastics",yes,Utah,Indoor,
50,Bounce n’ Boogie,1. Indoor Kid/Toddler Play Zone,TV - 12/03/2024,,,,,1,Private Company,"We provide musical activity classes for 0-5 year olds and their caregivers. Come experience colorful mats, balls, tunnels, hoops, balance beams, bells, shakers, ribbons, scarves parachute, bubbles, and sooo much more! Interact with your little one through singing, dancing, and super fun play!","Bounce houses, interactive play areas, birthday party packages",New Mexico,Albuquerque,<$5,https://www.bouncenboogie.com/,<25,1,-,0 - 5 years,Starts from $48/ month for one class per week,"Bounce houses, interactive play areas, birthday party packages",,New Mexico,-,
51,BounceU,1. Indoor Kid/Toddler Play Zone,TV - 12/03/2024,,,,,70,Private Company,"BounceU is an indoor playground featuring gigantic inflatable play structures and interactive games. The facility is designed for kids to jump, slide, and play in a safe and fun environment. It is a popular venue for birthday parties and special events, offering a unique and memorable experience for children.","Field Trip, Team parties",Nebraska,Omaha,5.2,https://www.bounceu.com/,63,,-,-,,"Field Trip, Team parties",,Nebraska,-,
52,Busy bees Kid's playhouse,1. Indoor Kid/Toddler Play Zone,TV - 12/03/2024,,,,,1,Private Company,"Busy Bees Kids Playhouse provides a safe indoor play space for kids to play, learn, create & interact with other children while also providing their parents space to get together with friends, work, meet other parents to grow their 'village' or just RELAX",Kid's Playhouse,Ohio,Liberty Township,<$5 million,https://www.busybeeskidsplayhouse.com/,<25,1,0,0,0,"Kid's club house, playground",,Ohio,Indoor,
53,Cartoon Headquarters Fun zone,1. Indoor Kid/Toddler Play Zone,TV - 12/03/2024,,,,,1,Private Company,"Cartoon Headquarters is an Indoor Inflatable Fun Zone located in Clarksburg, West Virginia. The goal is FUN and we'd love to host your next birthday party or provide inflatable rentals at the location of your choice.","Jump , Game , Party , Play",West Virginia,Clarksburg,0,https://www.cartoonheadquartersfunzone.com/,0,1,0,0,$6 - $99,"Jump , Game , Party , Play",Yes,West Virginia,Indoor,
54,Celi's Play Café,1. Indoor Kid/Toddler Play Zone,TV - 12/03/2024,,,,,1,Private Company,"Indoor play space that provides daily open play, birthday parties",,Alabama,Fairhope,-,https://www.celisplaycafe.com/,-,1,-,Upto 5 years,"$55 / month - Membership 1 child
$375 - $400 - Party Packages","Ball Pool, Sensory Toys",Yes,Alabama,Indoor,
55,Chatter splatter play group,1. Indoor Kid/Toddler Play Zone,TV - 12/03/2024,,,,,1,Private Company,"Chatter Splatter Playgroup is a community-centered indoor play space located in Eagleville, Pennsylvania. It's designed to provide a safe and fun environment for young children to play and learn. The playgroup is run by a mother and daughter team, Victoria Pettican and Nykee Lindsey, who started it to create a space where children could develop social skills and creativity",,Pennsylvania,Eagleville,<$5 million,https://chattersplatterplaygroup.com/,0,1,0,0-5 years,$15 - $750,"Open play , private parties , Semi private party",,Pennsylvania,Indoor,
56,Children's Piazza,1. Indoor Kid/Toddler Play Zone,TV - 12/03/2024,,,,,1,Private Company,"The Children's Piazza is a play-cafe with a mission to promote healthy brain development in young children and support the emotional health of their caregivers, with access for all. ﻿","Birthday Parties, Play area",Massachusetts,Peabody,<$5,https://www.thechildrenspiazza.com/,<25,1,-,Kids above 1+,$8 to $ 15,"Birthday Parties, Play area",,Massachusetts,-,
57,Club house indoor playground,1. Indoor Kid/Toddler Play Zone,TV - 12/03/2024,,,,,1,Private Company,"The Cubhouse Indoor Playground welcomes children 8 months to 5 years old to run and play indoors at Stevenson Center. The friendly forest-themed indoor playground provides space for kids to climb and crawl, read and draw, and sort and build.","Story time , water game , kids climb , party events",Illinois,Oakpark,<$5 million,https://pdop.org/passes/cubhouse/,<25,1,0,0,$9 - $58,"Story time , water game , kids climb , party events",,Illinois,Indoor,
58,Crayola Experience,1. Indoor Kid/Toddler Play Zone,TV - 12/03/2024,,,,,5,Private Company,"Crayola Experience at Mall of America offers a colorful and interactive environment for families. With over 26 hands-on attractions, including a two-story Color Playground, it provides endless opportunities for creativity and fun. The experience is designed to inspire and engage children of all ages through various creative activities.","Interactive exhibits, creative activities, Color Playground.",Minnesota,Bloomington,<$5,"Crayola Experience Easton, PA | Crayolaexperience.com",<25,,-,-,Annual pass starts from $40,"Interactive exhibits, creative activities, Color Playground.",,Minnesota,-,
59,Delaware Children Museum,1. Indoor Kid/Toddler Play Zone,TV - 12/03/2024,,children's museum,,,1,Private Company,"The Delaware Children's Museum is located in Wilmington, Delaware, and is the state's only children's museum","Rotating programs ,Interactive exhibits ,community access programs",Delaware,Wilmington,<$5 million,https://delawarechildrensmuseum.org/,35,1,0,0,$2 - $12,"Rotating programs ,Interactive exhibits ,community access programs",,Delaware,Indoor,
60,Detroit Kid City,1. Indoor Kid/Toddler Play Zone,TV - 12/03/2024,,,,,3,Private Company,Detroit Kid City Is Michigan's Most Exciting And Family Friendly Party Venue And Rental Hall For Birthday Parties Or Any Occasion! We Are Proud To Offer Multiple Rental Packages For A Safe Family Oriented Fun Time!,"Gift cards, Party, Open play, field trips",Michigan,Clinton Township,<$5,Detroit Kid City,<25,3,-,1-8 Years,$12 per child,"Gift cards, Party, Open play, field trips",,Michigan,-,
61,Dig Dig for kids,1. Indoor Kid/Toddler Play Zone,TV - 12/03/2024,,indoor sandbox - interesting?,,,1,Private Company,"Located in Fishers, this indoor sandbox offers a variety of trucks and sand toys, including large sit-on excavators that kids can operate using levers.","Indoor Sandbox , waiver , play passes , Discovery zone",Indiana,Fishers,<$5 million,https://digdigforkids.com/,<25 employees,1,0,0,$16 - $96,"Indoor Sandbox , waiver , play passes , Discovery zone",,Indiana,Indoor,
62,Dig PDX,1. Indoor Kid/Toddler Play Zone,TV - 12/03/2024,,indoor sandbox - interesting?,,,1,Private Company,"Dig PDX is Oregon's largest indoor sandbox, offering a 4,000 sq ft playground for children ages 0-12","toddler playground, Climbers , slides",Oregon,Beaverton,0,https://www.digpdx.com/,0,1,0,0 to 12 years,$17 per child,"Trampoline park , slides , soft toys",,Oregons,Indoor,
63,Fairytale Island,1. Indoor Kid/Toddler Play Zone,Caitlin 6/13/24,,4000 SF,,,1,Private Company,,,,,,,,,,,,,,,,
64,Fawn & club play space,1. Indoor Kid/Toddler Play Zone,TV - 12/03/2024,,,,,1,Private Company,"Fawn & Cub Play Space is a woodland themed playroom located in Cranston, Rhode Island. Our mission is to have a space with creative dramatic play areas for children six months to five years old explore their imaginative play skills. Our soft colors and comfortable seating throughout make it a desirable space for both littles and adults!",,Rhode Island,Cranston,<$5 million,https://www.fawnandcubplayspace.com/,0,1,0,6 months - 5 years old,$40 - $55 PP,"Open play , party area",,Rhode Island,Indoor,
65,Fresh Cup Playhouse,1. Indoor Kid/Toddler Play Zone,TV - 12/03/2024,,,,,1,Private Company,"Play café which has indoor playground with a variety of engaging toys that promote physical, constructive, creative, and imaginative play for kids, a baby zone and café for parents",,Alaska,Anchorage,-,https://freshcupak.com/,-,1,-,6 months to 6 years,$5 / hour,"Slides, Ball Pool, Sensory Toys & Equipment",,Alaska,Indoor,
66,Fun Fair Indoor Playground,1. Indoor Kid/Toddler Play Zone,TV - 12/03/2024,,,,,1,Private Company,Indoor playground with arcades and ball pools for kids,,Alabama,Florence,<$5,-,-,1,-,-,-,"Ball Pool, Arcades",,Alabama,Indoor,
67,Fun run,1. Indoor Kid/Toddler Play Zone,TV - 12/03/2024,,,,,2,Private Company,"Located in Liberty and Blue Springs, this park offers inflatables, small town exploration areas, and arcade games.","Fun run café , party , indoor games",Kansas,"Liberty , Blue springs",0,https://www.funrunkansascity.com/indoor-park,0,2,0,1- 12 years,$6.99 - $14.99,"Fun run café , party , indoor games",,Kansas,Indoor,
68,Fun Time Junction,1. Indoor Kid/Toddler Play Zone,TV - 11/20/2024,,,,,1,Private Company,"Funtime Junction is a private indoor amusement center located in Fairfield, New Jersey. It offers a variety of activities for children, including arcade games, laser tag, a multi-level climbing structure, and a toddler area. The facility is designed to provide a fun and safe environment for kids to play and celebrate special occasions. They also offer birthday party packages and group events",,New Jersey,Fairfield,<5.0,https://www.funtimejunction.com/,-,No,NA,Upto 12 years,19.95,"Multi-Level Softplay Climbscape, Jump Pillow, FunTime Freddy's FunHouse,  Toddler Playground, Climbers & Imaginative Play Areas, BEAM Floor Projection Game, LiteZilla & Wall, manipulative Toys, Black Light Scavenger Hunt",,Fairfield,Indoor,
69,FunVille Playground and Cafe,1. Indoor Kid/Toddler Play Zone,TV - 11/20/2024,,,,,2,Private Company,"FunVille Playground is a private indoor recreation center with locations in Virginia Beach and Chesapeake, Virginia. It offers a variety of activities for children of all ages, including climbing structures, obstacle courses, soft air guns, and a ropes course. The facility also features a dedicated toddler area, a virtual reality gaming arena, and an arcade.",,Virginia,Virginia Beach,-,https://funvilleplayground.com/,11-50,-,-,Kids and Children,25,"Open Play, Toddler area, Virtual reality, Special Events, Sports Inflatables, Birthday Parties, Café",,,Indoor,
70,FunWorld,1. Indoor Kid/Toddler Play Zone,TV - 12/03/2024,,,,,1,Private Company,"FunWorld offers year-round indoor fun for all ages with over 225 games, including video games, ticket redemption games, and kiddie rides. The facility also features indoor playgrounds and amusement rides, providing a variety of entertainment options for the whole family.","ndoor playgrounds, amusement rides, arcade games",New Hampshire,Nashua,-,https://www.funworldnh.com/,-,1,-,-,$16 per person,"ndoor playgrounds, amusement rides, arcade games",,New Hampshire,-,
71,G3 Kid's Zone,1. Indoor Kid/Toddler Play Zone,TV - 12/03/2024,,,,,1,Private Company,"3 Kid's Zone is the perfect entertainment option for kids who want to learn, play and party in the St. Louis area. We are a family-owned, family-run play facility for kids of all ages. We take pride in our exciting attractions, clean facilities and effective health & safety protocols, so we guarantee that your kids will have a blast each time they walk through our doors! In addition to our daily open play hours, we also have a private party space to host your special events -- whether it's a birthday party, graduation celebration or just a fun family gathering. So come join the Kid's Zone family and let your kids be KIDS!","Inflatables, climbing structures, arcade games.",Missouri,Hazelwood,-,https://www.g3kidszone.com/,-,1,-,-,"$16 per day for open day, which goes upto $ 90 per month for unlimited play","Inflatables, climbing structures, arcade games.",,Missouri,-,
72,Gatti Town,1. Indoor Kid/Toddler Play Zone,TV - 12/03/2024,,,,,1,Private Company,"GattiTown features arcade games, rides, and attractions for children","arcade game , rides , bumper cars , VR rides",Kentucky,Lexington,<$5 million,https://gattitownlexington.com/?utm_source=google&utm_medium=Yext&y_source=1_MTc0MTk4NDUtNzE1LWxvY2F0aW9uLndlYnNpdGU%3D,<25,1,0,3-11 + years,$18.99 - $35.99,"arcade game , rides , bumper cars , VR rides",,Kentucky,Indoor,
73,GG Play's land,1. Indoor Kid/Toddler Play Zone,TV - 12/03/2024,,,,,1,Private Company,"GG's Playland is an indoor playground located in Green River, Wyoming. It's designed to provide a fun and safe environment for children ages 0-12","Toddler area , Birthday party room , Private party options",Wyoming,Green River,0,https://www.ggplayland.com/,0,1,0,0-10 years,$8 - $175,"Toddler area , Birthday party room , Private party options",yes,Wyoming,Indoor,
74,Giggles,1. Indoor Kid/Toddler Play Zone,TV - 12/03/2024,,,,,2,Private Company,"Operates in the Amusement Parks, Arcades & Attractions industry",,Arizona,Chandler,<$5,https://www.giggleskidz.com/,<10,2,-,9 months to 6 years old,"$12 / kid
Membership - $54 - $44","Slides, Rock Climbing, Play Area",Yes,Arizona,Indoor,
75,Giggles N' Hugs,1. Indoor Kid/Toddler Play Zone,TV - 11/27/2024,,restaurant concept,,,150,Private Company,"Giggles N Hugs is a unique restaurant concept that brings together high-end, organic food with the play elements and entertainment for children",,Connecticut,Manchester,<$5,www.gigglesnhugs.com,53,150,-,Mixed,-,"Private Events, Birthday Parties",,Connecticut,Outdoor,
76,Go Play,1. Indoor Kid/Toddler Play Zone,TV - 12/03/2024,,,,,1,Private Company,"Go Play is an indoor playground located in East Greenwich, Rhode Island. It offers a safe and fun environment for children aged 2-12 years to play and explore. The facility features custom-made soft play equipment, including slides, climbing structures, ball pits, and a dedicated area for younger children","Go play , sensor play , family game night",Rhode Island,East Greeenwhich,0,https://goplayri.com/,0,1,0,2-12 years,0,"Go play , sensor play , family game night",,Rhode Island,Indoor/ Outdoor,
77,Go Play!,1. Indoor Kid/Toddler Play Zone,TV - 12/03/2024,,,,,1,Private Company,"o Play! is an indoor playground and party place designed for children aged 6 months to 12 years. The facility features a three-story play structure, a café, and free Wi-Fi for parents. It emphasizes cleanliness, excellent service, and fun, making it a great spot for family outings and birthday parties.","Indoor playground, party rooms, café.",Missouri,Chesterfield,-,https://www.goplaystl.com/,-,1,-,0 - 15 Years,$18 per child,"Indoor playground, party rooms, café.",,Missouri,Indoor,
78,Happy day,1. Indoor Kid/Toddler Play Zone,TV - 12/03/2024,,,,,1,Private Company,"Happy Day is a uniquely thoughtful PLAY, BIRTHDAY PARTY and PRIVATE EVENT space for children and families. Where children can play out infinite stories in a tiny town full of re-imagined play areas: a pet vet, construction site, grocery store, home, ball bit and tumble area for our tiniest of friends. Soak up the sunshine in our dreamy outdoor space too.",,Colorado,Evergreen,0,https://kidshappyday.com/,0,1,0,0-8 years,$10 - $150,"Birthday party events , Playzone",,Colorado,Indoor,
79,Happy Feet Planet,1. Indoor Kid/Toddler Play Zone,TV - 12/03/2024,,,,,1,Private Company,"Happy Feet Planet is an indoor playground located in Apex, offering different play areas for kids 12 years old and younger. The facility hosts birthday parties and track-out camps, providing hours of fun and learning in a safe and secure environment.","Indoor playground, track-out camps, birthday parties.",North Carolina,Apex,-,https://happyfeetplanet.com/,-,1,-,Kids belove 12,$13 - $20,"Indoor playground, track-out camps, birthday parties.",,North Carolina,-,
80,Happy Hoppers Bounce House,1. Indoor Kid/Toddler Play Zone,TV - 12/03/2024,,,,,1,Private Company,Indoor play ground with bounce houses,,Alaska,Wasilla,-,https://www.happyhoppersbouncehouse.com/,-,1,-,upto 4 years,$15 / hopper,Bounce Houses and obstacles,,Alaska,Indoor,
81,Happy Times Play Cafe,1. Indoor Kid/Toddler Play Zone,TV - 12/03/2024,,,,,1,Private Company,"Happy Times Play Cafe is a unique play space that caters to both children and their parents. The facility features a large play area for kids and a posh parent lounge equipped with charging stations, comfy chairs, and café tables. It offers a relaxing environment for parents while their children play and explore.","Play space, café",Mississippi,Brandon,-,https://www.thehappytimes.net/,-,1,-,-,,"Play space, café",,Mississippi,-,
82,HippoHop,1. Indoor Kid/Toddler Play Zone,TV - 12/03/2024,,,,,1,Private Company,"Located in Brookhaven, HippoHopp offers rock climbing walls, bounce houses, and a toddler-only play area.","Rock climbing , bounce houses toddler play area",Georgia,Brookhaven,<$5 million,https://hippohopp.com/,<25 employees,1,0,0,$16-$90,"Rock climbing , bounce houses toddler play area",,Georgia,Indoor,
83,Its Play Time,1. Indoor Kid/Toddler Play Zone,TV - 12/03/2024,,,,,1,Private Company,"Indoor playground that provides two story soft playscape, interactive tiny town, and redemption games",,Connecticut,Avon,-,https://www.itsplaytimeavon.com/,-,1,-,Upto 10 years,$10.95 - $16.95 / child,"Soft Playscape, Interactive Tiny Town, and Redemption Games",,Connecticut,Indoor,
84,Jabbers play,1. Indoor Kid/Toddler Play Zone,TV - 12/03/2024,,,,,1,Private Company,"Jabbers , A parent-supervised space for families to gather, play, and find community.","café , parties and field trips , events",Idaho,Nampa,<$5 million,https://www.jabbersplay.com/,<25 employees,1,0,Kids and adults,$7 - $14,"café , parties and field trips , events",Yes,Idaho,Indoor,
85,Jam Time,1. Indoor Kid/Toddler Play Zone,TV - 12/03/2024,,,,,4,Private Company,"We offer a variety of fun, stimulating + creative classes that nourish your child’s social and physical skills while providing hands-on playtime for children and caregivers","Play, classes, parties",Massachusetts,Maynard,<$5,jam time Boston's premiere indoor playground and enrichment center,<25,4,-,-,Passes ranges from $150-$225,"Play, classes, parties",,Massachusetts,-,
86,Jolly Yolly Kids Bethesda,1. Indoor Kid/Toddler Play Zone,TV - 11/20/2024,,,,,2,Private Company,"Jolly Yolly Kids is a private indoor play and learning center for children aged 13 and under. The facility spans approximately 8,500 square feet and includes a multilevel premium indoor play structure, tot lots for children aged 2 to 7, a baby area for children aged 2 and under, and party rooms. They offer open play sessions, birthday parties, and special events, aiming to create a bright, safe, clean, fun, and friendly environment",,Maryland,Bethesda,<5.0,https://www.jollyyollykids.com/,-,-,-,Upto 13 years,$12.95 - $18.95,"Open Play, Birthday Parties, special Events",,Bethesda,Indoor,
87,Jordan's Corner,1. Indoor Kid/Toddler Play Zone,TV - 12/03/2024,,,,,1,Private Company,"Indoor play space intentionally designed to encourage multiple types of open-ended, inclusive play for children ages six and younger",,Arizona,Scottsdale,-,https://www.jordanscorneraz.com/about-jordan-s-corner,-,1,-,Upto 6 years,"$25 / 1.5 hr
Membership - $129 - $200","Play Area, Toy Room, Class Room",Yes,Arizona,Indoor,
88,Judson mill play café,1. Indoor Kid/Toddler Play Zone,TV - 12/03/2024,,,,,1,Private Company,"Judson Mill Play Cafe is an indoor playground located in Greenville, South Carolina. It's designed to provide a fun and safe environment for children to play while offering a cozy coffee shop for parents to relax","Indoor play area , coffee shop , sensor play",South Carolina,Greenville,0,https://www.playcafeofsc.com/,0,1,0,0,0,"Indoor play area , coffee shop , sensor play",,South Carolina,Indoor,
89,Jump On In,1. Indoor Kid/Toddler Play Zone,TV - 12/03/2024,,,,,2,Private Company,Indoor facility featuring great interactive inflatable structures,,Connecticut,Newingtom,<$5,https://jumponinfun.com/about-us/,14,2,NA,-,-,"Trampoline, Jump Court, Ball Pool",,Connecticut,Indoor,
90,Jump Zone,1. Indoor Kid/Toddler Play Zone,TV - 12/03/2024,,,,,1,Private Company,"Jump!Zone Party and Play Center which features massive, themed inflatable slides, obstacle courses and bounce houses kids love, interactive games, toddler activities",Kid's Playhouse,Oklahoma,Oklahoma City,-,https://www.jumpzoneparty.com/JumpZone_Home.php?jzpcity=Oklahoma+City&jzpid=015,0,1,0,1-8 years,0,"Party rooms , kid club house",,Oklahoma,Indoor,
91,Jumpin Junction Family Fun Center,1. Indoor Kid/Toddler Play Zone,TV - 12/03/2024,,,,,1,Private Company,"Indoor amusement park with arcade, mini golf, inflatables and VR Gaming",,Alaska,Soldotna,-,http://www.jumpinjunctionak.com/,-,1,-,-,-,"Inflatables, VR Gaming, Mini Golf, Arcade",,Alaska,Indoor,
92,Jungle playland,1. Indoor Kid/Toddler Play Zone,TV - 12/03/2024,,,,,1,Private Company,"Jungle Playland is a super fun indoor play center in Washington State, with a roaring jungle theme to boot! Here kids can enjoy active play across a number of fun activities, including a huge multi level jungle themed adventure play frame! It's here they can enjoy time playing in features like the tropical rain ball pit, or they can scale new heights with the kiddie sized rock climbing wall.","Tropic rain ball pit , rock climbing wall , tropic rain ball pit",Washington,Mount Vernon,0,https://www.familydaysout.com/attractions-usa/jungle-playland,0,1,0,2 years - 12 years,$5-$9 per child,"Tropic rain ball pit , rock climbing wall , tropic rain ball pit",,Washington,Indoor,
93,Just Play,1. Indoor Kid/Toddler Play Zone,TV - 11/20/2024,,,,,1,Private Company,"Just Play Indoor Playground is a private indoor play space located in Oakhurst, New Jersey. Designed for children up to 7 years old, it offers a safe and engaging environment with a variety of activities, including open play sessions, birthday parties, and private events. The facility features carefully chosen toys and play structures to stimulate children's imagination and creativity",,New Jersey,Oakhurst,-,https://justplaynj.com/,-,No,NA,Upto 7 years,17.5,"Open Play, Private Events, Birthday parties",,Oakhurst,Indoor,
94,Kangamoo Indoor Playground,1. Indoor Kid/Toddler Play Zone,TV - 12/03/2024,,,,,1,Private Company,"Kangamoo Indoor Playground is an adult-supervised children’s play center with an attached café and parents’ lounge. The facility offers a variety of attractions including a soft-play jungle gym, slides, ball pits, a basketball arena, and a separate toddler area. It also features iPad game nooks and arcade areas. Kangamoo provides a comfortable and engaging environment for both kids and parents, making it a great spot for family fun and birthday parties.","slides, ball pits, basketball arena, toddler area, iPad game nook",Nevada,Las Vegas,-,https://kangamooplay.com/,11 to 50,1,-,1 - 10 Years,$14 per child (ages 1-10),"slides, ball pits, basketball arena, toddler area, iPad game nook",,Nevada,Indoor,
95,Keiki Kingdom,1. Indoor Kid/Toddler Play Zone,TV - 12/03/2024,,,,,1,Private Company,"Located in Honolulu, this indoor playground offers a multi-level play structure, separate areas for younger children, party rooms, slides, climbing walls, ball pits, sandboxes,","Slides , climbing walls , parety rooms",Hawaaii,Honolulu,<$5 million,https://www.keikikingdom.com/,<25 employees,1,0,1 > years,$5-$200,"Slides , climbing walls , parety rooms",Yes,Hawaii,Indoor,
96,Kid Clubhouse,1. Indoor Kid/Toddler Play Zone,TV - 12/03/2024,,,,,2,Private Company,Kid Clubhouse is an indoor playground for kids (age 12 & under) designed with parents in mind!,playground,Ohio,Springboro,<$5 million,https://kidclubhouse.com/,0,2,0,3-12 years,$12-13,"Party rooms , kid club house",,Ohio,Indoor/ Outdoor,
97,Kid zone,1. Indoor Kid/Toddler Play Zone,TV - 12/03/2024,,,,,1,Private Company,"Kid Zone is Anderson County's first and ONLY Indoor Playground, located in Powell, TN. At Kid Zone Indoor Playground Powell TN, we create our own sunshine by providing an enjoyable and safe place for children ages 0 to 12.","Slides , playground , café",Tennessee,Powell,<$5 million,https://www.kidzonepowell.com/,0,1,0,0 to 12 years,$10 - $12 per child,"Slides , playground , café",,Tennessee,indoor,
98,Kidmania,1. Indoor Kid/Toddler Play Zone,TV - 12/03/2024,,,,,2,Private Company,"Kidmania is the fastest growing and most impressive family fun center in Texas. They have 2 locations in North Texas for playdates, birthday parties, groups, and fundraisers! It’s pure fun for the entire family – safe, secure, and open every day. Come visit us, book your party or event, and check our calendars for daily specials in Plano and Fort Worth.","Daily play , birthday parties , bungee walls , slides",Texas,"Plano , fortworth",0,https://www.kidmania.com/,11 to 50,2,0,1 > years,$1 - $19,"Daily play , birthday parties , bungee walls , slides",yes,Texas,Indoor,
99,Kids at play,1. Indoor Kid/Toddler Play Zone,TV - 12/03/2024,,,,,1,Private Company,Kids at play is an inclusive space with activities and designated areas for children of all developmental stages.,"virtual playground , toddler area , ball pits",Pennsylvania,Philadelphia,0,https://www.kidsatplaypa.com/about/,0,1,0,0-12 years,$5 - $15 PP,"Sensory room , Buoy swing , Safe archery , Swings",,Pennsylvania,Indoor,
100,Kids City,1. Indoor Kid/Toddler Play Zone,TV - 12/03/2024,,,,,2,Private Company,"Kids City Hawaii, where fun awaits kids and peace of mind for parents. Our luxurious, hygienic, and secure indoor playgrounds are located in Honolulu and Kapolei.","Zip line , Tube slide,Zip line , Play area",Hawaii,Kapolei,<$5 million,https://www.kidscityhawaii.com/,<25 employees,2,0,0,$5- $17,"Zip line , Tube slide,Zip line , Play area",Yes,Hawaii,Indoor,
101,Kids Corner,1. Indoor Kid/Toddler Play Zone,TV - 12/03/2024,,,,,1,Private Company,"Kids Corner of Murfreesboro is an inclusive indoor play space located in Murfreesboro, Tennessee. It caters to children aged 0-6 years and offers a variety of activities designed to promote physical activity, social interaction, and imaginative play","Indoor play area , birthday parties,Parent lounge",Tennessee,Murfreesboro,$5.1 million,https://www.kidscornermurfreesboro.com/,0,1,0,0 to 6 years,$450 - $850,"physical activity, social interaction, and imaginative play",,Tennessee,Indoor,
102,Kid's Galaxy Indoor Playground,1. Indoor Kid/Toddler Play Zone,TV - 12/03/2024,,,,,1,Private Company,"Kid’s Galaxy was created with kids and families in mind, they have a Huge, soft-play indoor playground as well as a Large Toddler’s Zone, that is separate for the little ones.  Toddler’s Zone is one-of-a-kind with Giant Building Blocks and a mini version of our Big Kid indoor playground - with slides, ball pit, and more!","Kid's Playhouse , Trampoline park , café",Oklahoma,Oklahoma City,<$5 million,https://www.kidsgalaxyedmond.com/,0,1,0,1 to 18 years,$45-$295,"Kid's Playhouse , Trampoline park , café",,Oklahoma,Indoor,
103,Kids Ground,1. Indoor Kid/Toddler Play Zone,TV - 11/20/2024,,,,,1,Private Company,"The Kids Ground is a private indoor play space located in Rockville, Maryland. It offers a safe and engaging environment for infants, toddlers, and young children, featuring a variety of play structures and activities. The facility provides open play sessions, birthday party packages, and special events, aiming to create a fun and interactive experience for children and their families",,Maryland,Rockville,<5.0,https://thekidsgroundmd.com/,-,No,NA,Kids,$200 - $800 (parties),"Open Play, Birthday Parties, special Events",,Rockville,Indoor,
104,Kids Palace,1. Indoor Kid/Toddler Play Zone,TV - 11/20/2024,,,,,1,-,-,-,-,-,-,https://www.instagram.com/kids_palace_southshore/,-,-,-,-,-,-,-,-,-,
105,Kids planet,1. Indoor Kid/Toddler Play Zone,TV - 12/03/2024,,,,,1,Private Company,"Kid’s Planet offers young families in Brownsburg, Indiana and the surrounding areas a quality family recreation center with jungle gyms, soft contained, multi-level playground, birthday party hosting, and lots of funny arcade games.","Arcade games , playground , great concession",Indiana,Brownsburg,<$5 million,https://kidsplanetfun.com/,27,1,0,0,$10 - $40,"Arcade games , playground , great concession",,Indiana,Indoor,
106,Kids play and café,1. Indoor Kid/Toddler Play Zone,TV - 12/03/2024,,,,,1,Private Company,"At Kids Play & Cafe, we purposefully designed the space to offer parents constant peace of mind. We aimed to enable parents to work on their computers while actively monitoring their child.","Café , slides , rock climbing",South Carolina,Easley,0,https://kidsplayandcafe.com/about-kids-play/,0,1,0,0,$120 - $150,"Indoor play structure , Café , Fun in tiny town",,South Carolina,Indoor,
107,Kids Play Gallery,1. Indoor Kid/Toddler Play Zone,TV - 11/20/2024,,,,,1,Private Company,"Kids Play Gallery is a private indoor imaginative play space located in Gaithersburg, Maryland. It offers a fun, friendly, and safe environment with custom play homes designed for creative exploration. The facility provides various activities, including daily open play sessions, birthday parties, and group events. Their goal is to create a community village where children can play, laugh, learn, and grow",,Maryland,Gaithersburg,<5.0,https://www.kidsplaygallery.com/,-,No,NA,Kids and Children,$18.0 - $20.0,"Open Play, Birthday Parties, Private Events",,Gaithersburg,Indoor,
108,Kids Plays,1. Indoor Kid/Toddler Play Zone,TV - 12/03/2024,,,,,1,Private Company,"Kids Plays is Omaha's most family-friendly entertainment center for children. The facility prioritizes fun and safety, offering a variety of inflatables, mini golf, and arcade games. It provides an affordable and enjoyable atmosphere for families from all backgrounds, making it a popular destination for birthday parties and family outings.","Mini golf, arcade games.",Nebraska,Omaha,-,https://kidsplaysomaha.com/,-,1,-,Kids 13 and below,$15 Child day pass,"Mini golf, arcade games.",,Nebraska,-,
109,Kid's World indoor play arena,1. Indoor Kid/Toddler Play Zone,TV - 12/03/2024,,,,,1,Private Company,"this two-story indoor play arena includes climbing obstacle courses, slides, swings, ball pits, and more.","Slides , swings , ball pits",Lousianne,Acadianna,0,https://www.kidsworldlafayette.com/,0,1,0,0,$5 - $17,"Slides , swings , ball pits",Yes,Lousianne,Indoor,
110,KidStream,1. Indoor Kid/Toddler Play Zone,TV - 12/03/2024,,,,,1,Private Company,"kidSTREAM provides an engaging environment where kids explore, play, and discover. Our vision is to inspire and empower kids to become critical thinkers, innovators, and life-long learners.",Children's Museum and STEM,California,Camarillo,<$5,https://www.kidstream.org/,<25,1,-,Mixed,-,"Open Play, Birthday Party",,California,-,
111,Kidville,1. Indoor Kid/Toddler Play Zone,TV - 12/03/2024,,,,China,2,Private Company,"Kidville offers a variety of activities for children, including a supervised indoor gym, weekly classes in dance, arts, and science, as well as a boutique and café. The facility provides a pampered playtime experience for kids and a convenient and enjoyable environment for parents.","Supervised indoor gym, weekly classes (dance, arts, science), boutique",New York,New York,11.2,https://kidville.com/,44,,-,Kids 6 months & up,,"Supervised indoor gym, weekly classes (dance, arts, science), boutique",,New York,-,
112,Kidz Klubhouse,1. Indoor Kid/Toddler Play Zone,TV - 12/09/2024,,,,,1,Private Company,"Kidz Klubhouse is an indoor playground that offers a safe and fun environment for children to play and explore. The facility features a variety of play structures, slides, and interactive games designed to promote physical activity and imaginative play. Kidz Klubhouse also hosts birthday parties and special events, providing a memorable experience for children and families.","Indoor playground, birthday parties, special events, Educational learnings",Mississippi,Gulfport,<$5,https://www.kidzklubhouse.com/,<25,1,-,6 weeks to 9 years,-,"Indoor playground, birthday parties, special events, Educational learnings",-,Gulfport,Indoor,
113,Kidz Party Place,1. Indoor Kid/Toddler Play Zone,TV - 11/20/2024,,,,,1,Private Company,"Kidz Party Place is a private children's event venue located in Old Bridge, New Jersey. It offers a safe and fun environment for children under six years old to enjoy various activities. The facility provides open play sessions, birthday party packages, and special events. Known for its clean and organized space, Kidz Party Place ensures a delightful experience for both children and parents",,New Jersey,Old Bridge,-,https://www.kidzpartyplace.com/,-,No,NA,Upto 12 years,15,"Open Play, Private Events, Birthday parties",,Old Bridge,Indoor,
114,Kinderland Indoor Play and Cafe,1. Indoor Kid/Toddler Play Zone,TV - 12/03/2024,,,,,1,Private Company,"Kinderland Indoor Play and Cafe is a family business built to provide a safe, fun, and interactive space for both children and their parents. The facility features a large, soft play jungle gym with slides and ball pits, making it perfect for kids up to 6 years old. Parents can relax and enjoy a cup of coffee while their little ones play in a secure environment.","oft play jungle gym, slides, ball pits, café.",Nevada,Las Vegas,<$5,https://kinderlandcafe.com/,<25,1,-,-,$8 to $16,"oft play jungle gym, slides, ball pits, café.",,Nevada,Indoor,
115,Kowabunga Indoor play space,1. Indoor Kid/Toddler Play Zone,TV - 12/03/2024,,,,,1,Private Company,"Kowabunga Indoor Playspace is an indoor playground located in Portland, Oregon. It's designed specifically for babies and toddlers, offering a safe and fun environment for young children to play and explore","motor skills , kids play area, fun environment",Oregon,Portland,<$5 million,https://www.kowabungapdx.com/home,0,1,0,0,<$13 per child,indoor games,yes,Oregons,Indoor,
116,Lef Climbing,1. Indoor Kid/Toddler Play Zone,TV - 12/03/2024,,,,,1,Private Company,"LEF Climbing is a premier indoor rock climbing facility located in Lexington, Kentucky","Climbing areas , Custom events",Kentucky,Lexington,<$5 million,https://www.lefclimbing.com/,<25,1,0,0,$30 pp,"Climbing areas , Custom events",yes,Kentucky,Indoor,
117,Leka Play Land,1. Indoor Kid/Toddler Play Zone,TV - 12/03/2024,,,,,1,Private Company,"LEKA is a beautiful, modern indoor playground for kids 0-5, designed with kids and parents alike in mind. Located in Tigard, Oregon.",Kids Playground,Oregon,Tigard,0,https://www.lekaplayland.com/home,2 to 10,1,0,0 to 5 years,0,"indoor playground, toys",,Oregons,Indoor,
118,Lets Imagine,1. Indoor Kid/Toddler Play Zone,TV - 12/03/2024,,,,,1,Private Company,"Indoor playground with ball pool, obstacles and play area",,Arkansas,Bentonville,-,https://www.letsimagineplayground.com/,6,1,-,6 months to 13 years,"$8 - $9 / 2 hrs
Membership - $35 - $90","Obstacles, Ball Pool, Play Area",Yes,Arkansas,Indoor,
119,Little bug play hub,1. Indoor Kid/Toddler Play Zone,TV - 12/03/2024,,,,,1,Private Company,"Little Bug Play Hub has endless fun, unforgettable birthdays, & countless moments of laughter.From our soft play, toddler only area for the youngest players to our large wooden play structure for the older kids, they have something for everyone.",,Oregon,Redmond,0,https://www.littlebugplayhub.com/,2 to 10,1,0,0,$2-$15 per child,"soft play, toddler only area ,  large wooden play structure",,Oregons,Indoor,
120,Little Doodles Play Cafe,1. Indoor Kid/Toddler Play Zone,TV - 12/03/2024,,,,,1,Private Company,"Little Doodles Play Cafe is an indoor play cafe designed for kids and their grown-ups. The facility offers a variety of play areas, an art studio, and a café. It provides a safe and creative environment where children can explore and engage in imaginative play while parents relax and enjoy a cup of coffee.","Indoor play areas, art studio, café.",North Carolina,Raleigh,-,https://littledoodlesplaycafe.com/,2 to 10,1,-,-,$35/child Montly,"Indoor play areas, art studio, café.",,North Carolina,-,
121,Little Dreamers Playcafe,1. Indoor Kid/Toddler Play Zone,TV - 11/20/2024,,,,,1,Private Company,"Little Dreamers Play Cafe is a private indoor play space located in Wall Township, New Jersey. It provides a safe, clean, and interactive environment for children ages 0-5 years to play and explore. The facility offers a variety of activities, including open play sessions, enrichment classes, and special events. Parents can relax while their children engage in fun and educational activities designed to stimulate their imagination and creativity",,New Jersey,Wall Township,-,https://www.littledreamersplaycafe.com/,-,No,NA,Upto 5 years,12,"Open Play, Private Events, Birthday parties, Enrichment classes",,Wall Township,Indoor,
122,Lost island,1. Indoor Kid/Toddler Play Zone,TV - 12/03/2024,,,,,1,Private Company,"Lost Island Adventure Park is a family-friendly indoor and outdoor fun center located in Colorado Springs, Colorado","Mini Golf , Outdoor inflatables , indoor playground",Colorado,Colorado springs,<$5 million,https://lostislandminigolf.com/,0,1,0,0,$7-$13,"Mini Golf , Outdoor inflatables , indoor playground",,Colorado,Indoor/ outdoor,
123,Magic Ground,1. Indoor Kid/Toddler Play Zone,TV - 12/03/2024,,,,,1,Private Company,"This indoor playground offers a casual restaurant, coffee lounge, toddler play area, arts and crafts, and educational computer games.","Toddler play area , arts and crafts , educational computer games",District of Columbia,Columbia Heights,<$5 million,https://magicground.com/mg/,<25 employees,1,0,0,$5-$19,"Toddler play area , arts and crafts , educational computer games",Yes,District of Columbia,Indoor,
124,Makutu's Island,1. Indoor Kid/Toddler Play Zone,TV - 12/03/2024,,,,,1,Private Company,"Indoor playground with tunnels, slides, arcade and a pizzeria",,Arizona,Chandler,<$5,https://makutusisland.com/,14,1,-,-,"$21.9 / child
membership - $175","Slides, Tunnels, Arcade, Mole Holes, Climbs, Totem Poles",Yes,Arizona,Indoor,
125,Me Land Gaithersburg,1. Indoor Kid/Toddler Play Zone,TV - 11/20/2024,,age separation,,,1,Private Company,"Me Land Gaithersburg is a private indoor playground and family entertainment center located in Gaithersburg, Maryland. The facility features specialized play areas for different age groups, including a Tot Zone, Ball Pit Zone, and Big Kids Zone. They offer a variety of activities such as open play sessions, birthday parties, and group events. The center is designed to provide a safe, imaginative, and memorable experience for children, promoting creativity and active play",,Maryland,Gaithersburg,-,https://melandgaithersburg.com/,-,No,NA,Kids,$16.99 - $22.99,"Play areas, Birthday parties, Special Events, field trips and group events",,Gaithersburg,Indoor,
126,Monkey Around Indoor Playground,1. Indoor Kid/Toddler Play Zone,TV - 12/03/2024,,,,,1,Private Company,"Monkey Around Indoor Playground is a play café in Billings catering to kids aged 10 and under. The facility offers a variety of indoor playground equipment to encourage active play. It provides a safe and fun environment for children to explore and enjoy, making it a popular destination for families in the area.","Indoor playground equipment, play café.",Montana,Billings,-,https://www.monkeyaroundbillings.com/,-,1,-,-,,"Indoor playground equipment, play café.",,Montana,Indoor,
127,Montana Great indoor,1. Indoor Kid/Toddler Play Zone,TV - 12/11/2024,,,,,1,Privately Managed,"this indoor playground features climbing towers, ninja-style run-up ramps, and a café","Indoor gaming , sports zone",Montana,Kalispell,<$5.0,https://www.mtgreatindoors.com/,<25,1,0,2- 13 years,$13 - $ 275,"Indoor gaming , sports zone",Yes,Montana,Indoor,
128,My Kid's Place,1. Indoor Kid/Toddler Play Zone,TV - 12/03/2024,,,,,1,Private Company,"Indoor play space made to encourage kids to use their imaginations and engage their senses, so they can learn important skills while having a great time",,Connecticut,Colchester,-,https://mykidsplacellc.com/,-,1,-,-,"$13 / child
Membership - $42 - $580\","Indoor Play Space, Parties",Yes,Connecticut,Indoor,
129,Nana's Play Place,1. Indoor Kid/Toddler Play Zone,TV - 12/03/2024,,,,,1,Private Company,Nana's Play Place offers a safe and fun environment for kids of all ages. The indoor playground features various themed play areas that encourage imaginative play and physical activity. It is a perfect destination for families looking for a clean and enjoyable place for their children to play.,"Indoor playground, themed play areas.",Missouri,Springfield,-,https://nanasplayplace.com/,-,1,-,0 - 8 Years,$12 per child for age between 2-8 years,"Indoor playground, themed play areas.",,Missouri,-,
130,Natural Nest Play Café,1. Indoor Kid/Toddler Play Zone,TV - 12/03/2024,,,,,2,Private Company,"Natural Nest Play Cafe is an innovative place for parents to take their young children to explore a fun and exciting play area. Parents can relax or interact with other caregivers in a café lounge and seating area while enjoying organic beverages, and snacks.","Play , coworking , party , Classes",Delaware,"Newark , Middletown",<$5 million,https://naturalnestplay.com/,2-10 empployees,2,0,0,$15 - $175,"Play , coworking , party , Classes",Yes,Delaware,Indoor,
131,Nest Playground,1. Indoor Kid/Toddler Play Zone,TV - 12/03/2024,,,,,1,Private Company,Our mission is to create a fun and safe play space for kids and parents while giving parents time for self care.,Kids Playground,Oregon,Portland,<$5 million,https://www.nestplayground.com/,0,1,0,1-12 years,<$14,"indoor playground, Rock Climbing , slides",,Oregons,Indoor,
132,Newtopia Fun Park,1. Indoor Kid/Toddler Play Zone,TV - 12/03/2024,,,,,1,Private Company,Indoor playground facility designed for children,,Alabama,Montgomery,<$5,https://www.newtopiafunpark.com/,<25,1,-,1-12 Years,"Private Play - $100 - $250
Walk N Play $12.99 - $13.99","Obstacle Courses, Soft play rides, Play area for toddlers",Yes,Alabama,Indoor,
133,Nola Kid's Ground,1. Indoor Kid/Toddler Play Zone,TV - 12/03/2024,,,,,1,Private Company,"NOLA Kidsground was founded by local New Orleanians in 2019 in hopes of creating a kid-friendly space that is also comfortable for adults. Combined, the owners have management and prior coffeehouse experience, as well as experience working at local children's museums and schools.","Open play , Indoor play ground , Family entertainment center",Lousianne,New Orleans,0,https://www.nolakidsground.com/,0,1,0,0,$11 pp,"Open play , Indoor play ground , Family entertainment center",,Lousianne,Indoor,
134,Nugget Nation MKE,1. Indoor Kid/Toddler Play Zone,TV - 12/03/2024,,,,,1,Private Company,"Nugget Nation MKE was created to provide the Brookfield and Milwaukee, Wisconsin area with the best indoor play center around. They offer a safe, clean, and stimulating environment for physically active children ages 10 and under to play in and explore. Our indoor play center facility strives to ensure children’s health and safety, while challenging kids to reach, think, interact, explore, and have fun.","Indoor play area , Birthday parties , Events",Wisconsin,Brookfield,0,https://nuggetnationmke.com/,0,1,0,23 months - 9 years,$15 pp,"Indoor play area , Birthday parties , Events",,Wisconsin,Indoor,
135,Obstacle warrior kids,1. Indoor Kid/Toddler Play Zone,TV - 12/03/2024,,,,,1,Private Company,"Obstacle Warrior Kids is an indoor obstacle course gym located in Sandy, Utah. Inspired by the popular TV show American Ninja Warrior, it offers a variety of obstacles designed for children of all ages and abilities","Obstacle courses , classes and events, open play",Utah,Sandy,0,https://owkgarland.com/blog,0,1,0,1 years - 5+ years,$8 - $19,"Obstacle courses , classes and events, open play",yes,Utah,Indoor,
136,Off the Wall Kidz,1. Indoor Kid/Toddler Play Zone,TV - 11/27/2024,,,,,2,Private Company,"Off the Wall Kidz is a operator of an indoor playground, the company offers a maze of climbing structures, fun slides, soft climbing areas, trampolines and bridges, thereby providing hours of fun, engaging, and constructive play.",,Massachusetts,Carver,-,https://www.offthewallkidz.com/,-,2,-,Mixed,"Age 2+ $18
Ages 12-23 months $15","Fun Games, Open Play",NA,Massachusetts,Indoor,
137,Oodazu,1. Indoor Kid/Toddler Play Zone,TV - 12/03/2024,,,,,1,Private Company,"odazu is a haven for kids. Book play time & camp on our products page, contact us for a birthday party, or shop at Oodazu Party Boutique for premium party supplies, gifts, decor, balloons and more! A spot to play, climb, slide, center, connect and so much more","Slide , spot to play , climb , center",Georgia,Buckhead,<$5 million,https://oodazu.com/,<25 employees,1,0,0,$10 - $75,"Slide , spot to play , climb , center",Yes,Georgia,Indoor,
138,Panther Playroom LLC,1. Indoor Kid/Toddler Play Zone,TV - 12/03/2024,,,,,1,Private Company,Indoor play area best suited for children birth to 8 years old,,Alabama,Wetumpka,-,https://www.pantherplayroomllc.com/,-,1,-,Upto 8 years,$7.5 per child / hour,"Ball Pool, Slides, Play area",Yes,Alabama,Indoor,
139,Party Jungle,1. Indoor Kid/Toddler Play Zone,TV - 12/03/2024,,,,,1,Private Company,"Indoor amusement park with arcade, carnival rides and jungle gym",,Arizona,Phoenix,-,https://www.party-jungle.com/#_aboutus,-,1,-,2 - 10 years,$19.95 / child,"5 Carnival-style Rides, Mini Golf, Lazer Tag, Jungle Gym, 5 Private Party Rooms",Yes,Arizona,Indoor,
140,Peekabooboo’s Play Cafe,1. Indoor Kid/Toddler Play Zone,TV - 12/03/2024,,,,,1,Private Company,"Peekabooboo’s Play Cafe is an indoor playground designed for children and their adults to relax, hang out, and have fun. The café offers a lively atmosphere with themed play areas that encourage imaginative play. It is a great spot for parents and grandparents to unwind and connect while their little ones explore and play.","Indoor playground, café, themed play areas.",Minnesota,Albertville,,Play Cafe | Peeka Boo Boo's | Albertville,-,1,-,-,,"Indoor playground, café, themed play areas.",,Minnesota,Indoor,
141,Peppa Pig World of Play,1. Indoor Kid/Toddler Play Zone,TV - 12/03/2024,,,,,5,Private Company,"PEPPA PIG World of Play is an indoor play center specifically designed for preschool little ones! Giggle your way through 14 themed areas of free-roaming play bringing Peppa Pig’s world to life like never before. Jump, laugh, play, imagine and giggle with an oinktastic visit.",14 Themed Area,Michigan,Auburn Hills,<$5,Peppa Pig World of Play | Oinktastic Fun Awaits,<25,5,-,-,Tickets from $18,14 Themed Area,,Michigan,Indoor,
142,Pipkopye's town,1. Indoor Kid/Toddler Play Zone,TV - 12/03/2024,,,,,2,Private Company,"Pikopye's Town is much more than just an indoor play ""town."" It's a vibrant hub for families to come together, explore their creativity, and make lasting memories. We're not just another play space – we're a community-driven destination with a passion for both fun and sustainability.","Café , party hall , play space area",Texas,"South Austin , Lakeway",0,https://www.pikopyestown.com/,0,2,0,0,0,"Café , party hall , play space area",yes,Texas,Indoor,
143,Play & Stay,1. Indoor Kid/Toddler Play Zone,TV - 12/03/2024,,,,,1,Private Company,"Contained space where kids can run around freely to an activity room with guided crafts, activities and dance sessions",,Arizona,Scottsdale,-,https://playandstayaz.com/,-,1,-,Upto 6 years,$30 / child,"Play Area, Ball Pool, Guided Crafts, Dance Sessions",Yes,Arizona,Indoor,
144,Play Ground for kids,1. Indoor Kid/Toddler Play Zone,TV - 12/03/2024,,,,,1,Private Company,"Located in Ankeny, this indoor play space includes inflatables, a treehouse structure with a triple lane rainbow slide, and a Wacky Ball room.","Rainbow slides , wacky ball room , treehouse structures inflatables",Lowa,Ankeny,<$5 million,https://www.theplaygroundforkids.com/,<25,1,0,2-12 years,$8 - $75,"Rainbow slides , wacky ball room , treehouse structures inflatables",,Lowa,Indoor,
145,Play Happy Café,1. Indoor Kid/Toddler Play Zone,TV - 12/03/2024,,,,,1,Private Company,"PlayHappy Cafe in Lynnwood! This adorable cafe features 2,000 sq ft of indoor play space designed specially for those little ones up to 6 years.","toddler free area , cofee shop , birthday events",Washington,Lynnwood,$8.3 million,https://www.familydaysout.com/attractions-usa/playhappy-café,25,1,0,upto 6 years,$2 -$12,"toddler free area , cofee shop , birthday events",,Washington,Indoor,
146,Play Haven,1. Indoor Kid/Toddler Play Zone,TV - 12/03/2024,,,,,1,Private Company,"Play Haven is an Indoor Play Space specially designed for infants, toddlers, & children ages 7 and under. Our open-concept imaginative play space encourages exploration, creativity and independence while in a fun, clean, safe and comfortable environment.","Private play , birthday parties , special events",Florida,Brandon,0,https://playhavenfl.com/,0,1,0,1 >,$3.50 - $15.50,"Private play , birthday parties , special events",Yes,Florida,Indoor,
147,Play n Wiscosin,1. Indoor Kid/Toddler Play Zone,TV - 12/03/2024,,,,,1,Private Company,"PlayN Wisconsin is an indoor playground and outdoor play equipment retailer located in Middleton, Wisconsin","Indoor play area , Outdoor play equipement , Open play sessions",Wisconsin,Middleton,<$5 Million,https://playnwisconsin.com/,<25 employees,1,0,6 to 12 years,0,"Indoor play area , Outdoor play equipement , Open play sessions",,Wisconsin,Indoor,
148,Play Town,1. Indoor Kid/Toddler Play Zone,TV - 12/03/2024,,,,,1,Private Company,An imaginative play center designed for parents and children to play together and learn,,Arkansas,Benton,-,https://playtownbenton.com/,-,1,-,6 months to 8 years,$5 - $10,"Slides, Play Area",,Arkansas,Indoor,
149,Playbox Indoor Playland,1. Indoor Kid/Toddler Play Zone,TV - 12/03/2024,,,,,1,Private Company,"At Playbox Indoor Playland, we believe that all children benefit from running around and pushing the boundaries of what they can do – at least once a day.",toddler playground,Oklahoma,Mustang,<$5 million,https://www.playboxindoorplayland.com/,0,1,0,9 months - 12 years,$12 - $20,"Trampoline park , slides , soft carpet activities",,Oklahoma,Indoor,
150,Playfactory and café,1. Indoor Kid/Toddler Play Zone,TV - 12/03/2024,,,,,1,Private Company,The play factory is a Montessori based play area that allows for creativity and play in a clean and functional space. We are the only indoor playground that offers unlimited all day play. The Cafe is designed with families in mind. Enjoy endless imaginative play for your littles and caffeine for you.,"Café , game zone , indoor playground",Florida,JacksonVille,<$5 million,https://www.playfactoryandcafe.com/,<25 employees,1,0,0-6 years,$15 +,"Café , game zone , indoor playground",yes,Florida,Indoor,
151,Playhouse,1. Indoor Kid/Toddler Play Zone,TV - 12/03/2024,,,,,1,Private Company,"Indoor playground with  soft surfaces, inclusive equipment, ball pits, slides and climbers",,Connecticut,Fairfield,-,https://www.playhousefairfield.com/about-us,-,1,-,Upto 7 years,"Membership - $120 - $180
$17 / child","Ball Pool, Slides, Play area, Pits, Climbers",Yes,Connecticut,Indoor,
152,Playzona,1. Indoor Kid/Toddler Play Zone,TV - 12/03/2024,,,,,1,Private Company,"Provides kids play space, enrichment classes, birthday parties and special events",,Arizona,Glendale,-,https://playzonaaz.com/,-,1,-,Upto 7 years,Membership - $65 / month,"Themed Community Structures like  market, medical office, school, police/fire station, and a house, vehicles",Yes,Arizona,Indoor,
153,Pocono Kidz,1. Indoor Kid/Toddler Play Zone,TV - 12/03/2024,,,,,1,Private Company,"Pocono Kidz Zone is a boutique-style indoor play center created with the idea of providing a fun and safe place for kids to play, learn & socialize.",Indoor play center,Pennsylvania,Stroudsburg,0,https://poconokidzzone.com/,0,1,0,0,$13.50 pp - $30 pp,indoor games,yes,Pennsylvania,Indoor,
154,Polkadot Play,1. Indoor Kid/Toddler Play Zone,TV - 11/20/2024,,,,,1,Private Company,"Operator of a play school aimed at providing a safe environment for children to play and learn. The company focuses on neurodiverse children with a safe and supportive place to be their authentic selves and a place for parents to connect with each other, enabling children and students to improve their performance and upskill through playing and enjoying",,Virginia,Virginia Beach,<5.0,https://www.playatpolkadot.com/,-,No,NA,Upto 6 years,10,"Open Play, Private Events, Special Events",,Virginia Beach,Indoor,
155,ProKids Place,1. Indoor Kid/Toddler Play Zone,TV - 12/03/2024,,,,,1,Private Company,"Indoor playground with Ball Cannons, Wall Game, Projector 30 games, Slides, Basketball Shoot, Air Hockey, Honey Comb",,Connecticut,Waterbury,<$5,https://prokidsplace.com/,5,1,-,Upto 8 years,$8 - 11 / per hr,"Ball Cannons, Wall Game, Projector 30 games, Slides, Basketball Shoot, Air Hockey, Honey Comb",,Connecticut,Indoor,
156,Pump It Up,1. Indoor Kid/Toddler Play Zone,TV - 11/27/2024,,,,,1,Private Company,"Pump It Up is an entertainment center that specializes in private birthday parties and programs like field trips, camps, open jump time, and other seasonal special events, they provide special lighting that makes for an even more epic inflatable playground experience, and kids love the glow-in-the-dark accessories",,Arizona,Scottsdale,6.3,https://www.pumpitupparty.com/,<25,1,-,Mixed,$199-$599,"Private Party, Open Play, Birthday Parties, special Events",,Arizona,Indoor,
157,Rainforest Play Zone,1. Indoor Kid/Toddler Play Zone,TV - 12/03/2024,,,,,1,Private Company,"Provides sensory, imaginative, physical play experiences to kids via obstacle courses and games",,Alaska,Juneau,-,https://www.rainforestplayzone.com/,-,1,-,-,"Membership - $60 - $150
Regular - $7 - $13","Imaginative, Sensory, Physical, Investigative, Creative Play activities",Yes,Alaska,Indoor,
158,Ready Set Fun,1. Indoor Kid/Toddler Play Zone,TV - 12/03/2024,,,,,1,Private Company,"Ready Set FUN! is a modern indoor playground located in Sandy Springs, Atlanta, Georgia","Play area , classes and camps , birthday events",Georgia,Atlanta,<$5 million,https://readysetfun.com/?utm_source=GBL&utm_medium=organic,<25 employees,1,0,1-8 years,0,"Play area , classes and camps , birthday events",Yes,Georgia,Indoor,
159,Rev'd Up Fun,1. Indoor Kid/Toddler Play Zone,TV - 12/03/2024,,,,,1,Private Company,"Rev'd Up Fun is a premium family fun center with state-of-the-art attractions, offering birthday party packages and group events. It features a café with food and craft beer, providing a stress-free environment for family entertainment.","Indoor activities including laser tag, ropes course, bumper cars, axe throwing, XD Dark Ride, and arcade games.",Michigan,Woodhaven,<$5,Arcade Bar & Family Fun - Revd Up Fun,<25,1,-,-,Starts from $380 for 10 participants,"Indoor activities including laser tag, ropes course, bumper cars, axe throwing, XD Dark Ride, and arcade games.",,Michigan,-,
160,SEA LIFE Aquarium,1. Indoor Kid/Toddler Play Zone,TV - 12/03/2024,,,,17 countries,50,Private Company,"SEA LIFE is the world’s largest family of aquariums and includes SEA LIFE Aquariums in North America including SEA LIFE Arizona, Carlsbad, Charlotte-Concord, Dallas/Fort Worth, Kansas City, Mall of America, Michigan, New Jersey , Orlando, and San Antonio. From its origins in 1979 in Oban, Scotland, SEA LIFE now provides immersive marine experiences in nearly 50 locations in 17 countries around the world.","Tours, VR Experience",Michigan,Auburn Hills,19.7,SEA LIFE Aquariums & Attractions | Official SEA LIFE website,1951,,-,-,Starts from $17,"Tours, VR Experience",,Michigan,-,
161,Share the Love Kidsclub,1. Indoor Kid/Toddler Play Zone,TV - 12/03/2024,,,,,1,Private Company,"Indoor playground, comfortable seating for parents, WIFI for remote workers, concessions, crafts, special events, birthday parties, and more",,Arkansas,Conway,<$5,https://sharethelove-797082.square.site/,<25,1,-,-,"$15 / child
Play Pass Bundle - $45 - $90
Membership - $440 - $605","Slides, Jungle Gym, Obstacles",Yes,Arkansas,Indoor,
162,Smugglers Notch Fun zone,1. Indoor Kid/Toddler Play Zone,TV - 12/03/2024,,,,,1,Private Company,"At Smugglers’ FunZone 2.0, family fun is redefined with activities for everyone all year long! Enjoy ping-pong, mini-golf, air hockey, and our Bouncy House. Slide down the Giant Inflated Slide or get creative at the Arts & Crafts Station in Little’s Loft.","Laser Tag trampoline park , Arts and crafts station",Vermont,Jeffersonsville,0,https://www.smuggs.com/facilities/funzone-2-0-at-smugglers-notch-resort/,0,1,0,,$5-$20,"Laser Tag trampoline park , Arts and crafts station",,Vermont,Indoor,
163,South Shore Sports Center,1. Indoor Kid/Toddler Play Zone,TV - 12/03/2024,,,,,1,Private Company,"We’ve taken the joy of a backyard game and created a space for all levels of players, from novice through experienced- our roster is open to all. We’re just a motley group of kids and adults who love sports and coming together to play them. Whether we’re learning, playing or training, we do it hard – and we do it together. From soccer to football to field hockey and more, there’s a sport – and a place – for everyone. Our goal is to use our love of sports to make our athletes into the best players – and people – they can be.","Soccer, basketball",Massachusetts,Hingham,<$5,South Shore Sports,<25,1,-,Kids above 1+,$10<,"Soccer, basketball",,Massachusetts,-,
164,Spring Adventure park,1. Indoor Kid/Toddler Play Zone,TV - 12/03/2024,,,,,1,Private Company,"Springs Adventure Park is an indoor family fun center located in Colorado Springs, Colorado","Trampoline , Ninja warrior course , Inflatables , dodgeball courts",Colorado,Colorado springs,0,https://www.springsadventurepark.com/,0,1,0,5 - 12 years,$2-$13 pp,"Trampoline , Ninja warrior course , Inflatables , dodgeball courts",,Colorado,Indoor,
165,Superior Play Systems,1. Indoor Kid/Toddler Play Zone,TV - 11/27/2024,,,,,5,Private Company,"Company is a outdoor play systems and recreational sports equipment, including trampolines, basketball hoops, and wooden play sets for parents and grandparents who wish to inspire healthy, active and safe play in their children","Wooden Playsets, Trampolines, Basketball Hoops, Commercial Playgrounds, Multi Game Courts, Safety Surfacing, Birthday Parties,",Pennsylvania,Norristown,18.3,https://superiorplay.com/,63,5,-,-,-,"Climbing Structures, Slides, Swings",,Pennsylvania,Indoor,
166,Superkids club,1. Indoor Kid/Toddler Play Zone,TV - 12/03/2024,,,,,1,Private Company,"This indoor playground features slides, tunnels, ball pits, and areas specifically for younger children.","Slides , tunnels , ball pits , indoor play area",Kansas,Shawnee,<$5 million,https://www.superkidzclub.net/,<25,1,0,0-15 years,$5 - $18,"Slides , tunnels , ball pits , indoor play area",Yes,Kansas,Indoor,
167,TeenyTown Playland,1. Indoor Kid/Toddler Play Zone,TV - 12/03/2024,,,,,1,Private Company,"2,000 square foot town filled with 8 different play houses",,Arizona,Litchfield,-,https://teenytownplayland.com/,10,1,-,Upto 10 years,"$15 / 2 hrs
Membership - $25 - $100 / month","Themed Toys and Games, Learn through Play",Yes,Arizona,Indoor,
168,Tennesse Kids co,1. Indoor Kid/Toddler Play Zone,TV - 12/03/2024,,,,,1,Private Company,"Here at TN Kids Co, we are all about providing a safe and fun indoor playground for kids to be kids! ​","Large ball pit , swings , soft building blocks",Tennessee,Nolensville,<$5 Million,https://www.tnkidsco.com/about-1,11 to 50,1,0,0-12 years,$5-$20,"Large ball pit , swings , soft building blocks",,Tennessee,Ìndoor,
169,The Bounce Palace,1. Indoor Kid/Toddler Play Zone,TV - 12/03/2024,,,,,1,Private Company,"The Bounce Palace offers a fun and safe environment for kids to enjoy a variety of inflatables, mini golf, and arcade games. The facility is designed to provide hours of entertainment for children of all ages, making it a popular destination for birthday parties and family outings.","nflatables, mini golf, arcade games.",Mississippi,Pearl,<$5,The Bounce Palace,<25,1,-,-,,"nflatables, mini golf, arcade games.",,Mississippi,-,
170,The Jumping Jungle,1. Indoor Kid/Toddler Play Zone,TV - 11/20/2024,,,,,1,Private Company,"The Jumping Jungle is a private indoor recreation center located in East Brunswick, New Jersey. It features a 10,000 square foot facility equipped with inflatable play structures and a laser tag arena. The center offers a variety of activities, including open play sessions, birthday parties, and group events. Known for its clean and safe environment, The Jumping Jungle provides a fun and engaging space for children to play and celebrate special occasions",,New Jersey,East Brunwick,<5.0,https://www.jumpingjungle.com,11-50,No,NA,Upto 12 years,-,"Open Play, Private Events, Birthday parties, Laser tag, Summer camps",,East Brunwick,Indoor,
171,The Kids Cave,1. Indoor Kid/Toddler Play Zone,TV - 12/03/2024,,,,,1,Private Company,"Indoor playground, designed with modern aesthetics and a splash of rainbow colors",,Arizona,Peoria,-,https://thekidscave.com/,-,1,-,Upto 6 years,$14 / child,"Toy, Games and Indoor Play",,Arizona,Indoor,
172,The Little Green Tambourine,1. Indoor Kid/Toddler Play Zone,TV - 12/03/2024,,,,,1,Private Company,"The Little Green Tambourine was founded out of sheer love for kids, and a need to provide a positive, comfortable, clean, and safe space for kids to laugh, learn, play and grow.  The Little Green Tambourine started as just an idea but quickly grew to a clean, safe space where parents could bring their kids, with confidence that their child will be treated with patience and compassion.","Events, camps, parties",Connecticut,Canton,0,https://www.tlgtcanton.com/,2-10 empployees,1,0,0,0,"Events, camps, parties",,Connecticut,Indoor,
173,The Little Play Space LLC,1. Indoor Kid/Toddler Play Zone,TV - 12/09/2024,,,,,1,Private Company,"The Little Play Space LLC focuses on nurturing gross motor skills, fine motor skills, and social development in young minds. The space includes a grand play structure, dramatic play stations, climbing structures, ride-on toys, and engaging imaginative and building play areas featuring magnet tiles and Legos. There is also a dedicated space for non-walking infants, complete with soft play and sensory-rich activities.","Developmentally appropriate toys and activities, play structure, dramatic play stations, climbing structures, ride-on toys, imaginative and building play areas.",Maine,Auburn,-,https://www.thelittleplayspaceme.com/,-,1,-,Young children,Membership starts from $50 per month,"Developmentally appropriate toys and activities, play structure, dramatic play stations, climbing structures, ride-on toys, imaginative and building play areas.",-,Auburn,Indoor,
174,The Monkey House,1. Indoor Kid/Toddler Play Zone,TV - 12/03/2024,,,,,1,Private Company,"Offers open play for everyone who wants to come in, as well as options for both parties that can be scheduled during open play for longer bouncing opportunities, or as a private party where bounce time is limited to one-hour",,Arkansas,Fort Smith,-,https://monkeyhousebounce.com/,-,1,-,-,$9 / child,Bounce Houses & play area,,Arkansas,Indoor,
175,The nestling Collective,1. Indoor Kid/Toddler Play Zone,TV - 12/03/2024,,,,,1,Private Company,"Located in Jacksonville Beach, this Montessori-style indoor play place features a large slide, swings, a water table, and more","large slide, swings, a water table, party events",Florida,JacksonVille Beach,<$5 million,https://thenestlingcollective.com/,<25 employees,1,0,0,$25-$225,"large slide, swings, a water table, party events",Yes,Florida,Indoor,
176,The Play lot,1. Indoor Kid/Toddler Play Zone,TV - 12/03/2024,,,,,1,Private Company,"the playLOT where the kids can climb, swing, jump, and slide all their energy out! Bring a friend and have a moment to chit chat while your little plays the day away.","Jump , Slides , swings , climb",Maine,Biddeford,0,https://heartofbiddeford.org/listing/the-playlot/,0,1,0,0,0,"Jump , Slides , swings , climb",,Maine,Indoor,
177,The Play Pit,1. Indoor Kid/Toddler Play Zone,TV - 12/03/2024,,,,,1,Private Company,"The Play Pit is Norman’s largest, safest and ONLY indoor play space designed to engage children so parents and caregivers can work, relax and network to help our community grow!","Kid's Playhouse , Trampoline park",Oklahoma,Norman,0,https://www.playpitnorman.com/,0,1,0,0,$17 >,"Kid's Playhouse , Trampoline park ,slides , climbing ladders",,Oklahoma,Indoor,
178,The play zone,1. Indoor Kid/Toddler Play Zone,TV - 12/03/2024,,,,,1,Private Company,"The Play Zone offers a fun, safe, colorful and of course playful indoor space for kids up to 10 years to use those imaginations and creativity! This indoor play space features a fun play structure great for active kids, with tunnels to hide in, slides to zoom down, and climbing structures to scale!","car rides , tickish ball pits ,customized party",South Carolina,HartsVille,<$5 million,https://www.familydaysout.com/attractions-usa/the-play-zone,0,1,0,0-10 years,$5-$8 Per hour,"tunnels to hide in, slides to zoom down, and climbing structures to scale!",,South Carolina,Indoor,
179,The Playhouse,1. Indoor Kid/Toddler Play Zone,TV - 12/03/2024,,,,,1,Private Company,"Indoor playspace with Ball Pits, Soft Play, Imaginative Play",,Arizona,Mesa,-,https://www.theplayhouseaz.com/,-,1,-,Upto 7 years,$17 / child,"Ball Pits, Soft Play, Imaginative Play",,Arizona,Indoor,
180,The point,1. Indoor Kid/Toddler Play Zone,TV - 12/03/2024,,,,,1,Private Company,"The Point was designed to provide a place for people to engage with the Greater Portland community and to be a resource for our region through hosting events, serving our community, and having a free space for families to bring their kids to play.","Meeting lounge , Indoor turf , Gymnasium , party lounge , play scape , point café",Maine,South Portland,0,https://www.thepoint.community/,0,1,0,0,0,"Meeting lounge , Indoor turf , Gymnasium , party lounge , play scape , point café",,Maine,Indoor,
181,The Wonder Place,1. Indoor Kid/Toddler Play Zone,TV - 12/03/2024,,,,,1,Private Company,"Indoor play facility for 8-&-under kids has climbing, drama & art activities & a toy store","Toys, Books, Art & Crafts etc.",Arkansas,Little Rock,<$5,https://www.thewonderplace.com/,8,1,-,Upto 8 years,"Membership - $40 - $250
$8.75 / child","Climbing Activities, Art & Craft, Drama Activities",Yes,Arkansas,Indoor,
182,Tig & Peach,1. Indoor Kid/Toddler Play Zone,TV - 11/20/2024,,,,,2,Private Company,"Tig & Peach is a  play space founded by Amanda Star and Emily Donnelly in Pelham, New York, in the fall of 2019. The company offers a variety of engaging activities and services for children and families",,New York,Pelham,<5.0,https://www.tigandpeach.com/,11-50,-,-,Kids,35,"Open Play, Enrichment classes, Seasonal camps, birthday parties, Special events",,New York,Indoor,
183,Tiger Bounce,1. Indoor Kid/Toddler Play Zone,TV - 12/03/2024,,,,,1,Private Company,"Tiger Bounce is an indoor inflatable play center that offers a variety of bounce houses, slides, and obstacle courses. The facility includes a VIP toddler area and party rooms, making it an ideal location for birthday parties and family fun. It provides a safe and clean environment for children to play and burn off energy.","Inflatable play structures, toddler area, party rooms.",Missouri,Columbia,-,https://www.tigerbouncecolumbia.com/,2 to 10,1,-,0 - 12 Years,Upto $15 for santa Event,"Inflatable play structures, toddler area, party rooms.",,Missouri,Indoor,
184,Timber & Bow,1. Indoor Kid/Toddler Play Zone,TV - 12/03/2024,,,,,1,Private Company,Timber & Bow Play Studio is committed to providing a safe and clean atmosphere for kids  alike to come together and have fun,"Play House , Garden shed, Gross moptor activities for infants and toddlers",Ohio,Troy,-,"About | Timber & Bow | Troy, Ohio",0,1,0,0-6 years,$5-295$,"Large Wooden playset, Play house and garden shed, Gross motor activities , parties and events",,Ohio,Indoor,
185,TNT fun play,1. Indoor Kid/Toddler Play Zone,TV - 12/03/2024,,,,,1,Private Company,Indoor Playground with various toys and play stations,,Arkansas,Hot Springs Village,-,-,-,1,-,-,-,"Slides, Ball Pool, Obstacles",,Arkansas,Indoor,
186,TRex Playland,1. Indoor Kid/Toddler Play Zone,TV - 11/20/2024,,,,,1,Private Company,"T-Rex Playland is a private indoor children's activity and play center located in Norfolk, Virginia. The facility features a multi-level jungle gym, various inflatables, a dedicated toddler area, and an arcade with over 75 games for all ages. They also offer three party rooms and a concession stand, making it an ideal venue for birthday parties and group events.",,Virginia,Norfolk,-,http://trexplaylandllc.com/,-,No,NA,Kids and Children,"$22.0 for children over 36 inches, $13.20 for children under 36 inches","Multi Level jungle gym, Inflatables, toddler area, arcade, Birthday parties, Special Events",,Norfolk,Indoor,
187,Twinkle Playspace,1. Indoor Kid/Toddler Play Zone,TV - 12/03/2024,,,,,1,Private Company,"Twinkle Playspace is a custom-designed 4,500 square foot playspace featuring interactive structures such as a stardust tree fort, a firehouse, a construction play area, and a beauty parlor. The facility also includes an art studio and a café, providing a creative and engaging environment for children to explore and play.","nteractive play structures, themed play areas, art studio, café",New York,Brooklyn,<$5,https://www.twinkleplayspace.com/,<25,1,-,Kids 6 & below,20,"nteractive play structures, themed play areas, art studio, café",,New York,-,
188,Under the Sea Playground,1. Indoor Kid/Toddler Play Zone,TV - 12/03/2024,,,,,1,Private Company,"At Under the Sea Playground, we strive to provide a safe and fun environment for your children. This begins with our unique playstructure, one of them  with 2 levels, obsticles, musical instruments, slides, etc.. and the second structure is 3 levels with ball pit, obsticles, slides, etc.. We also have other equipments that will keep children active and having fun. You can easily keep an eye on Your children from any seating area, and can also enjoy a variety of coffee, espresso, and lattes while you're waiting for your children. Our cafe also offers uniquely flavored pizza, delicious sandwiches, and fresh salads for those seeking healthier options",Part Packages,Michigan,Troy,<$5,"Under The Sea Indoor Playground | Troy, MI",<25,1,-,-,starts from $299 for 2 hrs,Part Packages,,Michigan,-,
189,United skates of America,1. Indoor Kid/Toddler Play Zone,TV - 12/03/2024,,,,,12,Private Company,"United Skates of America is a family fun center located in Rumford, Rhode Island. It offers a variety of activities for all ages such as Roller skating , laser tag , Rock climbing","Roller skating , laser tag , Rock climbing",Rhode Island,Rumford,25.9 million,https://unitedskates.com/,0,12,0,0,0,"Roller skating , rock climbing , laser tag",,Rhode Island,Indoor/ Outdoor,
190,Wahooz Family Fun zone,1. Indoor Kid/Toddler Play Zone,TV - 12/03/2024,,,,,1,Private Company,"Located in Meridian, this facility includes arcade games, laser tag, bumper cars, and a soft play area for younger children","Arcade games , laser tags , bumper cars",Idaho,Meridian,<$5 million,https://www.wahoozfunzone.com/,14,1,0,Junior & Adult,<20$,"Arcade games , laser tags , bumper cars",,Idaho,Indoor,
191,Weevil Play,1. Indoor Kid/Toddler Play Zone,TV - 12/03/2024,,,,,1,Private Company,"Provides sensory-safe play and  physically engaging activities, focusing on early development, balance, motor skills, coordination, and socialization","Bounce Houses, Obstacle Courses, Wet / Dry Slides, Foam Parties",Alabama,Enterprise,-,https://www.weevilplay.com/,-,1,-,Upto 12 years,$9.95 - $11.95 per hour,"Slides, Glass Floor Tunnels, Obstacle Courses, Sensory Rooms",,Alabama,Indoor/ Outdoor,
192,Whispers Napper's play gym,1. Indoor Kid/Toddler Play Zone,TV - 12/03/2024,,,,,1,Private Company,"They offer extraordinary programs at our indoor play gym that help children develop confidence and self esteem through unique and innovative activities. The goal is to offer a clean and safe environment for children to explore through music, creative movement, fitness, games and arts & crafts.","Fitness , games , creative movement , arts and crafts",Connecticut,Cheshire,<$5 million,https://whippersnappersplaygym.com/,<25 employees,1,0,1 years - 8 years,125,"Fitness , games , creative movement , arts and crafts",,Connecticut,Indoor,
193,Wild Child Gym,1. Indoor Kid/Toddler Play Zone,TV - 12/03/2024,,,,,2,Private Company,Wild Child Gym is a play and retail space encompassing California style with a distinct Hawaiian vibe,"Birthday Parties, Private Parties",California,"Culver City, Playa Vista",<$5,https://www.wildchildgym.com/,-,2,-,3 months- 7 years,-,"Birthday Parties, Private Parties",,California,-,
194,Wings Center,1. Indoor Kid/Toddler Play Zone,TV - 12/03/2024,,,,,1,Private Company,"Wings Center is passionate about partnering with families to support the physical, social and emotional growth of children!","Party events , toddler games , Gymnastics",Idaho,Boise,$17.4 million,https://www.wingscenter.com/,57,1,0,1- 12 years,$4 - $145,"Party events , toddler games , Gymnastics",,Idaho,Indoor,
195,Wisco Kidz place,1. Indoor Kid/Toddler Play Zone,TV - 12/03/2024,,,,,1,Private Company,"Wisco Kidz Place is an Indoor Playground on Madison’s East side, off of East Springs (near Home Depot and Red Robin). We have a modest 3500 sq. ft facility which includes Multiple Interactive Projection games, Slides, Party Rooms, a Mega Building Block Land play area, and a 500 sq. ft multi-story playground including a dedicated toddler zone.","Rock climbing , slides , party rooms , Block land play area",Wisconsin,Madisons,0,https://wiscokidzplace.com/,0,1,0,0,0,"Rock climbing , slides , party rooms , Block land play area",,Wisconsin,Indoor,
196,Xplore Family Fun Center,1. Indoor Kid/Toddler Play Zone,TV - 12/03/2024,,,,,1,Private Company,"Xplore is a state-of-the-art family entertainment center focused on providing children ages 1 through 12 a clean, safe, and fun place to play. The facility features a variety of attractions including an indoor playground, climbing structures, arcade games, and a laser maze. It is a great place for kids to release energy and engage in imaginative play.","Indoor playground, climbing structures, arcade games, laser maze.",New York,Port Jefferson Station,,https://www.xplorepj.com/,11 to 50,1,-,1 - 20 Years,$16 to $25,"Indoor playground, climbing structures, arcade games, laser maze.",,New York,-,
197,Yoyo's Fun Center,1. Indoor Kid/Toddler Play Zone,TV - 12/03/2024,,,,,1,Private Company,"Yoyo's Fun Center is your ultimate destination for family fun and entertainment! Enjoy a variety of exciting activities, including arcade games, laser tag, mini-golf, and more. Perfect for birthday parties, group events, or a fun day out with friends and family. Come and create unforgettable memories at Yoyo's Fun Center!

Yoyo's Fun Center is your ultimate destination for family fun and entertainment! Enjoy a variety of exciting activities, including arcade games, laser tag, mini-golf, and more. Perfect for birthday parties, group events, or a fun day out with friends and family. Come and create unforgettable memories at Yoyo's Fun Center","Indoor playgrounds, trampolines, and various activities.",Michigan,Westland,<$5,Yoyo's Fun Center,<25,1,-,6 months and Up,$15 for 2 hours of play,"Indoor playgrounds, trampolines, and various activities.",,Michigan,-,
198,Zava Zone,1. Indoor Kid/Toddler Play Zone,TV - 12/03/2024,,,,,2,Private Company,"ZavaZone is an exciting indoor adventure park located in Sterling, Virginia. It offers a variety of high-energy activities designed for children and families","Trampoline , Ninja Course , Zip lines , Climbing challenges",Virginia,Sterling,$8.5 million,https://www.zavazone.com/,51 - 200,2,0,<2 YEARS,0,"Trampoline , Ninja Course , Zip lines , Climbing challenges",,Virginia,Indoor,
199,Zoofari Kidz Indoor Play,1. Indoor Kid/Toddler Play Zone,TV - 12/03/2024,,,,,1,Private Company,"Zoofari Kidz Indoor Play is a jungle-themed indoor playground designed for children up to 11 years old. The facility features a variety of play areas, including slides and ball pits, to encourage imaginative play and physical activity. It is a great place for kids to explore and have fun in a safe environment.","ungle-themed play areas, slides, ball pits.",Mississippi,Laurel,<$5,Zoo Fari Kids,<25,1,-,Kids Above 1+,$34.99 per month,"ungle-themed play areas, slides, ball pits.",,Mississippi,Indoor,
200,Scramble,1. Indoor Kid/Toddler Play Zone,CS - 10/16/2025,,https://www.goscramble.com/,,,,,,,,,,,,,,,,,,,,
201,Ideacreate / Orange Wheels,1. Indoor Kid/Toddler Play Zone,PEP - 9/10/25,,https://orangewheels.com/en,,,,,,,,,,,,,,,,,,,,
202,Mama's Play,1. Indoor Kid/Toddler Play Zone,CS - 10/16/2025,,http://www.mamasplay.com/,,,,,,,,,,,,,,,,,,,,
203,Kickin It,1. Indoor Kid/Toddler Play Zone,CS - 10/16/2025,,https://www.kickinitkidsgym.com/indoorplayground,,,,,,,,,,,,,,,,,,,,
204,Head Over Heels,1. Indoor Kid/Toddler Play Zone,CS - 10/16/2025,,https://www.linkedin.com/posts/ruggedrobin_headoverheels-wilmslowwonder-familyattractionsdoneright-activity-7355615727774523392-f1rd?utm_source=social_share_send&utm_medium=member_desktop_web&rcm=ACoAAAJVsGwBl-_0tZfutkYxtAoe7L_fDtYpbkY,,,,,,,,,,,,,,,,,,,,
205,Peekaboo factory,1. Indoor Kid/Toddler Play Zone,CS - 10/16/2025,,https://www.peekaboofactory.com/livermore/,,,,,,,,,,,,,,,,,,,,
